Paper ID,Order,Type,Title,Authors
,100.1,SD,Session: 3D Imaging and Reasoning,
401,101,AP,3D-Based Reasoning with Blocks@ Support@ and Stability,Zhaoyin Jia@ Andrew Gallagher@ Ashutosh Saxena@ Tsuhan Chen
331,102,AP,Physically Plausible 3D Scene Tracking: The Single Actor Hypothesis,Nikolaos Kyriazis@ Antonis Argyros
860,103,AP,Intrinsic Scene Properties from a Single RGB-D Image,Jonathan T. Barron@ Jitendra Malik
1806,104,AP,Depth Acquisition from Density Modulated Binary Patterns,Zhe Yang@ Zhiwei Xiong@ Yueyi Zhang@ Jiao Wang@ Feng Wu
138,105,AP,Understanding Indoor Scenes Using 3D Geometric Phrases,Wongun Choi@ Yu-Wei Chao@ Caroline Pantofaru@ Silvio Savarese
,105.1,SD,Session: Statistics and Learning,
151,106,AP,Rolling Riemannian Manifolds to Solve the Multi-class Classification Problem,Rui Caseiro@ Pedro Martins@ João F. Henriques@ Fátima Silva Leite@ Jorge Batista
2163,107,AP,Exploring Compositional High Order Pattern Potentials for Structured Output Learning,Yujia Li@ Daniel Tarlow@ Richard Zemel
1794,108,AP,Discrete MRF Inference of Marginal Densities for Non-uniformly Discretized Variable Space,Masaki Saito@ Takayuki Okatani@ Koichiro Deguchi
637,109,AP,GeoF: Geodesic Forests for Learning Coupled Predictors,P. Kontschieder@ P. Kohli@ J. Shotton@ A. Criminisi
1072,110,AP,Kernel Methods on the Riemannian Manifold of Symmetric Positive Definite Matrices,Sadeep Jayasumana@ Richard Hartley@ Mathieu Salzmann@ Hongdong Li@ Mehrtash Harandi
,110.1,SD,Session: Recognition,
881,111,AP,Perceptual Organization and Recognition of Indoor Scenes from RGB-D Images,Saurabh Gupta@ Pablo Arbeláez@ Jitendra Malik
539,112,AP,Watching Unlabeled Video Helps Learn New Human Actions from Very Few Labeled Snapshots,Chao-Yeh Chen@ Kristen Grauman
254,113,AP,Fine-Grained Crowdsourcing for Fine-Grained Recognition,Jia Deng@ Jonathan Krause@ Li Fei-Fei
1654,114,AP,Poselet Conditioned Pictorial Structures,Leonid Pishchulin@ Mykhaylo Andriluka@ Peter Gehler@ Bernt Schiele
1321,115,AP,Beyond Physical Connections: Tree Models in Human Pose Estimation,Fang Wang@ Yi Li
,115.1,SD,Session: Imaging and Segmentation,
738,116,AP,Discriminative Non-blind Deblurring,Uwe Schmidt@ Carsten Rother@ Sebastian Nowozin@ Jeremy Jancsary@ Stefan Roth
843,117,AP,Handling Noise in Single Image Deblurring Using Directional Filters,Lin Zhong@ Sunghyun Cho@ Dimitris Metaxas@ Sylvain Paris@ Jue Wang
363,118,AP,Jointly Aligning and Segmenting Multiple Web Photo Streams for the Inference of Collective Photo Storylines,Gunhee Kim@ Eric P. Xing
1359,119,AP,Video Object Segmentation through Spatially Accurate and Temporally Dense Extraction of Primary Object Regions,Dong Zhang@ Omar Javed@ Mubarak Shah
1444,120,AP,Improving Image Matting Using Comprehensive Sampling Sets,Ehsan Shahrian@ Deepu Rajan@ Brian Price@ Scott Cohen
,120.1,SD,Session: Motion and Reconstruction,
119,121,AP,Megastereo: Constructing High-Resolution Stereo Panoramas,Christian Richardt@ Yael Pritch@ Henning Zimmer@ Alexander Sorkine-Hornung
1625,122,AP,Dense Object Reconstruction with Semantic Priors,Sid Yingze Bao@ Manmohan Chandraker@ Yuanqing Lin@ Silvio Savarese
1159,123,AP,Dense Variational Reconstruction of Non-rigid Surfaces from Monocular Video,Ravi Garg@ Anastasios Roussos@ Lourdes Agapito
1723,124,AP,Procrustean Normal Distribution for Non-rigid Structure from Motion,Minsik Lee@ Jungchan Cho@ Chong-Ho Choi@ Songhwai Oh
1623,125,AP,Dense Reconstruction Using 3D Object Shape Priors,Amaury Dame@ Victor A. Prisacariu@ Carl Y. Ren@ Ian Reid
,125.1,SD,Session: Optimization Methods,
1288,126,AP,Gauging Association Patterns of Chromosome Territories via Chromatic Median,Hu Ding@ Branislav Stojkovic@ Ronald Berezney@ Jinhui Xu
2068,127,AP,Auxiliary Cuts for General Classes of Higher Order Functionals,Ismail Ben Ayed@ Lena Gorelick@ Yuri Boykov
1604,128,AP,A Fast Semidefinite Approach to Solving Binary Quadratic Problems,Peng Wang@ Chunhua Shen@ Anton van_den_Hengel
820,129,AP,Diffusion Processes for Retrieval Revisited,Michael Donoser@ Horst Bischof
1207,130,AP,A Comparative Study of Modern Inference Techniques for Discrete Energy Minimization Problems,Jörg H. Kappes@ Bjoern Andres@ Fred A. Hamprecht@ Christoph Schnörr@ Sebastian Nowozin@ Dhruv Batra@ Sungwoong Kim@ Bernhard X. Kausler@ Jan Lellmann@ Nikos Komodakis@ Carsten Rother
,130.1,SD,Session: Detection,
1992,131,AP,Learning Structured Hough Voting for Joint Object Detection and Occlusion Reasoning,Tao Wang@ Xuming He@ Nick Barnes
176,132,AP,Detection Evolution with Multi-order Contextual Co-occurrence,Guang Chen@ Yuanyuan Ding@ Jing Xiao@ Tony X. Han
728,133,AP,Efficient Large-Scale Structured Learning,Steve Branson@ Oscar Beijbom@ Serge Belongie
1008,134,AP,Fast@ Accurate Detection of 100@000 Object Classes on a Single Machine,Thomas Dean@ Mark A. Ruzon@ Mark Segal@ Jonathon Shlens@ Sudheendra Vijayanarasimhan@ Jay Yagnik
,134.1,SD,Session: Detection - Medical/Curves,
204,135,AP,Reconstructing Loopy Curvilinear Structures Using Integer Programming,Engin Türetken@ Fethallah Benmansour@ Bjoern Andres@ Hanspeter Pfister@ Pascal Fua
,135.1,SD,Session: Tracking and Flow,
1376,136,AP,Tracking Sports Players with Context-Conditioned Motion Models,Jingchen Liu@ Peter Carr@ Robert T. Collins@ Yanxi Liu
1266,137,AP,Structure Preserving Object Tracking,Lu Zhang@ Laurens van_der_Maaten
1381,138,AP,Multi-target Tracking by Lagrangian Relaxation to Min-cost Network Flow,Asad A. Butt@ Robert T. Collins
573,139,AP,Patch Match Filter: Efficient Edge-Aware Filtering Meets Randomized Search for Fast Correspondence Field Estimation,Jiangbo Lu@ Hongsheng Yang@ Dongbo Min@ Minh N. Do
1369,140,AP,Robust Monocular Epipolar Flow Estimation,Koichiro Yamaguchi@ David McAllester@ Raquel Urtasun
,140.1,SD,Session: Video,
237,141,AP,Event Retrieval in Large Video Collections with Circulant Temporal Encoding,Jerome Revaud@ Matthijs Douze@ Cordelia Schmid@ Hervé Jégou
462,142,AP,Cumulative Attribute Space for Age and Crowd Density Estimation,Ke Chen@ Shaogang Gong@ Tao Xiang@ Chen Change Loy
334,143,AP,Social Role Discovery in Human Events,Vignesh Ramanathan@ Bangpeng Yao@ Li Fei-Fei
657,144,AP,Discriminative Segment Annotation in Weakly Labeled Video,Kevin Tang@ Rahul Sukthankar@ Jay Yagnik@ Li Fei-Fei
1531,145,AP,Context-Aware Modeling and Recognition of Activities in Video,Yingying Zhu@ Nandita M. Nayak@ Amit K. Roy-Chowdhury
,145.1,SD,Session: Geometry and Physics,
770,146,AP,Underwater Camera Calibration Using Wavelength Triangulation,Timothy Yau@ Minglun Gong@ Yee-Hong Yang
196,147,AP,Reconstructing Gas Flows Using Light-Path Approximation,Yu Ji@ Jinwei Ye@ Jingyi Yu
858,148,AP,Photometric Ambient Occlusion,Daniel Hauagge@ Scott Wehrwein@ Kavita Bala@ Noah Snavely
1320,149,AP,What Object Motion Reveals about Shape with Unknown BRDF and Lighting,Manmohan Chandraker@ Dikpal Reddy@ Yizhou Wang@ Ravi Ramamoorthi
,149.1,SD,Session: Geometry and Physics + Medical,
1477,150,AP,Hyperbolic Harmonic Mapping for Constrained Brain Surface Registration,Rui Shi@ Wei Zeng@ Zhengyu Su@ Hanna Damasio@ Zhonglin Lu@ Yalin Wang@ Shing-Tung Yau@ Xianfeng Gu
,150.1,SD,Session: Context and Scenes,
642,151,AP,Spatial Inference Machines,Roman Shapovalov@ Dmitry Vetrov@ Pushmeet Kohli
484,152,AP,Hallucinated Humans as the Hidden Context for Labeling 3D Scenes,Yun Jiang@ Hema Koppula@ Ashutosh Saxena
286,153,AP,Finding Things: Image Parsing with Regions and Per-Exemplar Detectors,Joseph Tighe@ Svetlana Lazebnik
538,154,AP,Bringing Semantics into Focus Using Visual Abstraction,C. Lawrence Zitnick@ Devi Parikh
,154.1,SD,Session: Context and Scenes + ANN,
1424,155,AP,Cartesian K-Means,Mohammad Norouzi@ David J. Fleet
,155.1,SD,Session: Faces@ People@ and Crowds,
1152,156,AP,Blessing of Dimensionality: High-Dimensional Feature and Its Efficient Compression for Face Verification,Dong Chen@ Xudong Cao@ Fang Wen@ Jian Sun
118,157,AP,Robust Multi-resolution Pedestrian Detection in Traffic Scenes,Junjie Yan@ Xucong Zhang@ Zhen Lei@ Shengcai Liao@ Stan Z. Li
1345,158,AP,Human Pose Estimation Using Body Parts Dependent Joint Regressors,Matthias Dantone@ Juergen Gall@ Christian Leistner@ Luc Van Gool
511,159,AP,Measuring Crowd Collectiveness,Bolei Zhou@ Xiaoou Tang@ Xiaogang Wang
1245,160,AP,Lost! Leveraging the Crowd for Probabilistic Visual Self-Localization,Marcus A. Brubaker@ Andreas Geiger@ Raquel Urtasun
,200.1,SD,Poster Session: 3D and Stereo,
252,201,AP,Manhattan Scene Understanding via XSlit Imaging,Jinwei Ye@ Yu Ji@ Jingyi Yu
1643,202,AP,Discovering the Structure of a Planar Mirror System from Multiple Observations of a Single Point,Ilya Reshetouski@ Alkhazur Manakov@ Ayush Bandhari@ Ramesh Raskar@ Hans-Peter Seidel@ Ivo Ihrke
1847,203,AP,Joint 3D Scene Reconstruction and Class Segmentation,Christian Häne@ Christopher Zach@ Andrea Cohen@ Roland Angst@ Marc Pollefeys
2128,204,AP,Tensor-Based Human Body Modeling,Yinpeng Chen@ Zicheng Liu@ Zhengyou Zhang
1996,205,AP,City-Scale Change Detection in Cadastral 3D Models Using Images,Aparna Taneja@ Luca Ballan@ Marc Pollefeys
1126,206,AP,Improving the Visual Comprehension of Point Sets,Sagi Katz@ Ayellet Tal
903,207,AP,Mirror Surface Reconstruction from a Single Image,Miaomiao Liu@ Richard Hartley@ Mathieu Salzmann
955,208,AP,Detecting Changes in 3D Structure of a Scene from Multi-view Images Captured by a Vehicle-Mounted Camera,Ken Sakurada@ Takayuki Okatani@ Koichiro Deguchi
1441,209,AP,Templateless Quasi-rigid Shape Modeling with Implicit Loop-Closure,Ming Zeng@ Jiaxiang Zheng@ Xuan Cheng@ Xinguo Liu
438,210,AP,Understanding Bayesian Rooms Using Composite 3D Object Models,Luca Del_Pero@ Joshua Bowdish@ Bonnie Kermgard@ Emily Hartley@ Kobus Barnard
580,211,AP,Shape from Silhouette Probability Maps: Reconstruction of Thin Objects in the Presence of Silhouette Extraction and Calibration Error,Amy Tabb
897,213,AP,Joint Geodesic Upsampling of Depth Images,Ming-Yu Liu@ Oncel Tuzel@ Yuichi Taguchi
1987,214,AP,Relative Volume Constraints for Single View 3D Reconstruction,Eno Toeppe@ Claudia Nieuwenhuis@ Daniel Cremers
1641,215,AP,Is There a Procedural Logic to Architecture?,Julien Weissenberg@ Hayko Riemenschneider@ Mukta Prasad@ Luc Van_Gool
610,216,AP,Category Modeling from Just a Single Labeling: Use Depth Information to Guide the Learning of 2D Models,Quanshi Zhang@ Xuan Song@ Xiaowei Shao@ Ryosuke Shibasaki@ Huijing Zhao
579,217,AP,Bayesian Grammar Learning for Inverse Procedural Modeling,Andelo Martinovic@ Luc Van_Gool
779,218,AP,Fusing Depth from Defocus and Stereo with Coded Apertures,Yuichi Takeda@ Shinsaku Hiura@ Kosuke Sato
1956,219,AP,Bayesian Depth-from-Defocus with Shading Constraints,Chen Li@ Shuochen Su@ Yasuyuki Matsushita@ Kun Zhou@ Stephen Lin
697,220,AP,Multi-scale Curve Detection on Surfaces,Michael Kolomenkin@ Ilan Shimshoni@ Ayellet Tal
683,221,AP,Intrinsic Characterization of Dynamic Surfaces,Tony Tung@ Takashi Matsuyama
640,222,AP,Pattern-Driven Colorization of 3D Surfaces,George Leifman@ Ayellet Tal
690,223,AP,Three-Dimensional Bilateral Symmetry Plane Estimation in the Phase Domain,Ramakrishna Kakarala@ Prabhu Kaliamoorthi@ Vittal Premachandran
542,224,AP,Axially Symmetric 3D Pots Configuration System Using Axis of Symmetry and Break Curve,Kilho Son@ Eduardo B. Almeida@ David B. Cooper
1357,225,AP,Wide-Baseline Hair Capture Using Strand-Based Refinement,Linjie Luo@ Cha Zhang@ Zhengyou Zhang@ Szymon Rusinkiewicz
1414,226,AP,Dense 3D Reconstruction from Severely Blurred Images Using a Single Moving Camera,Hee Seok Lee@ Kuoung Mu Lee
1417,227,AP,Simultaneous Super-Resolution of Depth and Images Using a Single Camera,Hee Seok Lee@ Kuoung Mu Lee
839,228,AP,Recovering Stereo Pairs from Anaglyphs,Armand Joulin@ Sing Bing Kang
989,229,AP,Exploiting the Power of Stereo Confidences,David Pfeiffer@ Stefan Gehrig@ Nicolai Schneider
1685,230,AP,Ensemble Learning for Confidence Measures in Stereo Vision,Ralf Haeusler@ Rahul Nair@ Daniel Kondermann
1857,231,AP,Segment-Tree Based Cost Aggregation for Stereo Matching,Xing Mei@ Xun Sun@ Weiming Dong@ Haitao Wang@ Xiaopeng Zhang
,231.1,SD,Poster Session: Statistics and Learning,
1373,232,AP,Multi-class Video Co-segmentation with a Generative Multi-video Model,Wei-Chen Chiu@ Mario Fritz
433,233,AP,A Bayesian Approach to Multimodal Visual Dictionary Learning,Go Irie@ Dong Liu@ Zhenguo Li@ Shih-Fu Chang
1634,234,AP,A Statistical Model for Recreational Trails in Aerial Images,Andrew Predoehl@ Scott Morris@ Kobus Barnard
527,235,AP,Beta Process Joint Dictionary Learning for Coupled Feature Spaces with Application to Single Image Super-Resolution,Li He@ Hairong Qi@ Russell Zaretzki
1314,236,AP,Dictionary Learning from Ambiguously Labeled Data,Yi-Chen Chen@ Vishal M. Patel@ Jaishanker K. Pillai@ Rama Chellappa@ P. Jonathon Phillips
1503,237,AP,Generalized Domain-Adaptive Dictionaries,Sumit Shekhar@ Vishal M. Patel@ Hien V. Nguyen@ Rama Chellappa
339,238,AP,Tag Taxonomy Aware Dictionary Learning for Region Tagging,Jingjing Zheng@ Zhuolin Jiang
2055,239,AP,Block and Group Regularized Sparse Modeling for Dictionary Learning,Yu-Tseh Chi@ Mohsen Ali@ Ajit Rajwade@ Jeffrey Ho
106,240,AP,Multi-level Discriminative Dictionary Learning towards Hierarchical Visual Categorization,Li Shen@ Shuhui Wang@ Gang Sun@ Shuqiang Jiang@ Qingming Huang
262,241,AP,Fast Convolutional Sparse Coding,Hilton Bristow@ Anders Eriksson@ Simon Lucey
4,243,AP,Transfer Sparse Coding for Robust Image Representation,Mingsheng Long@ Guiguang Ding@ Jianmin Wang@ Jiaguang Sun@ Yuchen Guo@ Philip S. Yu
346,244,AP,Online Robust Dictionary Learning,Cewu Lu@ Jiaping Shi@ Jiaya Jia
1453,245,AP,Multi-task Sparse Learning with Beta Process Prior for Action Recognition,Chunfeng Yuan@ Weiming Hu@ Guodong Tian@ Shuang Yang@ Haoran Wang
1461,246,AP,Scalable Sparse Subspace Clustering,Xi Peng@ Lei Zhang@ Zhang Yi
1667,247,AP,Separable Dictionary Learning,Simon Hawe@ Matthias Seibert@ Martin Kleinsteuber
304,248,AP,Compressed Hashing,Yue Lin@ Rong Jin@ Deng Cai@ Shuicheng Yan@ Xuelong Li
1208,249,AP,Improved Image Set Classification via Joint Sparse Approximated Nearest Subspaces,Shaokang Chen@ Conrad Sanderson@ Mehrtash T. Harandi@ Brian C. Lovell
1264,250,AP,Optimizing 1-Nearest Prototype Classifiers,Paul Wohlhart@ Martin Köstinger@ Michael Donoser@ Peter M. Roth@ Horst Bischof
1913,251,AP,Sparse Subspace Denoising for Image Manifolds,Bo Wang@ Zhuowen Tu
2064,252,AP,Weakly Supervised Learning of Mid-Level Features with Beta-Bernoulli Process Restricted Boltzmann Machines,Roni Mittelman@ Honglak Lee@ Benjamin Kuipers@ Silvio Savarese
673,253,AP,Learning Binary Codes for High-Dimensional Data Using Bilinear Projections,Yunchao Gong@ Sanjiv Kumar@ Henry A. Rowley@ Svetlana Lazebnik
1160,254,AP,Semi-supervised Node Splitting for Random Forest Construction,Xiao Liu@ Mingli Song@ Dacheng Tao@ Zicheng Liu@ Luming Zhang@ Chun Chen@ Jiajun Bu
2151,255,AP,Capturing Layers in Image Collections with Componential Models: From the Layered Epitome to the Componential Counting Grid,Alessandro Perina@ Nebojsa Jojic
532,256,AP,Alternating Decision Forests,Samuel Schulter@ Paul Wohlhart@ Christian Leistner@ Amir Saffari@ Peter M. Roth@ Horst Bischof
1467,257,AP,Exploring Implicit Image Statistics for Visual Representativeness Modeling,Xiaoshuai Sun@ Xin-Jing Wang@ Hongxun Yao@ Lei Zhang
630,258,AP,A Divide-and-Conquer Method for Scalable Low-Rank Latent Matrix Pursuit,Yan Pan@ Hanjiang Lai@ Cong Liu@ Shuicheng Yan
2056,259,AP,Supervised Descent Method and Its Applications to Face Alignment,Xuehan Xiong@ Fernando De_La_Torre
2020,260,AP,Robust Canonical Time Warping for the Alignment of Grossly Corrupted Sequences,Yannis Panagakis@ Mihalis A. Nicolaou@ Stefanos Zafeiriou@ Maja Pantic
1030,261,AP,Relative Hidden Markov Models for Evaluating Motion Skill,Qiang Zhang@ Baoxin Li
1666,262,AP,A Fast Approximate AIB Algorithm for Distributional Word Clustering,Lei Wang@ Jianjia Zhang@ Luping Zhou@ Wanqing Li
,262.1,SD,Poster Session: Recognition,
399,263,AP,Simultaneous Active Learning of Classifiers - Attributes via Relative Feedback,Arijit Biswas@ Devi Parikh
859,264,AP,Expanded Parts Model for Human Attribute and Action Recognition in Still Images,Gaurav Sharma@ Frédéric Jurie@ Cordelia Schmid
1626,265,AP,Multipath Sparse Coding Using Hierarchical Matching Pursuit,Liefeng Bo@ Xiaofeng Ren@ Dieter Fox
1319,266,AP,Semi-supervised Domain Adaptation with Instance Constraints,Jeff Donahue@ Judy Hoffman@ Erik Rodner@ Kate Saenko@ Trevor Darrell
1230,267,AP,Learning Structured Low-Rank Representations for Image Classification,Yangmuzi Zhang@ Zhuolin Jiang@ Larry S. Davis
2218,268,AP,MKPLS: Manifold Kernel Partial Least Squares for Lipreading and Speaker Identification,Amr Bakry@ Ahmed Elgammal
734,269,AP,Subspace Interpolation via Dictionary Learning for Unsupervised Domain Adaptation,Jie Ni@ Qiang Qiu@ Rama Chellappa
136,270,AP,Graph-Based Discriminative Learning for Location Recognition,Song Cao@ Noah Snavely
1671,271,AP,Learning by Associating Ambiguously Labeled Images,Zinan Zeng@ Shijie Xiao@ Kui Jia@ Tsung-Han Chan@ Shenghua Gao@ Dong Xu@ Yi Ma
634,272,AP,HON4D: Histogram of Oriented 4D Normals for Activity Recognition from Depth Sequences,Omar Oreifej@ Zicheng Liu
708,273,AP,3D R Transform on Spatio-temporal Interest Points for Action Recognition,Chunfeng Yuan@ Xi Li@ Weiming Hu@ Haibin Ling@ Stephen Maybank
1952,274,AP,Learning Cross-Domain Information Transfer for Location Recognition and Clustering,Raghuraman Gopalan
2106,275,AP,Studying Relationships between Human Gaze@ Description@ and Computer Vision,Kiwon Yun@ Yifan Peng@ Dimitris Samaras@ Gregory J. Zelinsky@ Tamara L. Berg
1229,276,AP,BFO Meets HOG: Feature Extraction Based on Histograms of Oriented p.d.f. Gradients for Image Classification,Takumi Kobayashi
1602,277,AP,Class Generative Models Based on Feature Regression for Pose Estimation of Object Categories,Michele Fenzi@ Laura Leal-Taixé@ Bodo Rosenhahn@ Jörn Ostermann
1975,278,AP,Leveraging Structure from Motion to Learn Discriminative Codebooks for Scalable Landmark Classification,Alessandro Bergamo@ Sudipta N. Sinha@ Lorenzo Torresani
336,279,AP,Designing Category-Level Attributes for Discriminative Visual Recognition,Felix X. Yu@ Liangliang Cao@ Rogerio S. Feris@ John R. Smith@ Shih-Fu Chang
1592,280,AP,Attribute-Based Detection of Unfamiliar Classes with Humans in the Loop,Catherine Wah@ Serge Belongie
2108,281,AP,Object-Centric Anomaly Detection by Attribute-Based Reasoning,Babak Saleh@ Ali Farhadi@ Ahmed Elgammal
545,282,AP,Learning Class-to-Image Distance with Object Matchings,Guang-Tong Zhou@ Tian Lan@ Weilong Yang@ Greg Mori
1009,283,AP,Sample-Specific Late Fusion for Visual Category Recognition,Dong Liu@ Kuan-Ting Lai@ Guangnan Ye@ Ming-Syan Chen@ Shih-Fu Chang
283,284,AP,Efficient Object Detection and Segmentation for Fine-Grained Recognition,Anelia Angelova@ Shenghuo Zhu
395,285,AP,Label-Embedding for Attribute-Based Classification,Zeynep Akata@ Florent Perronnin@ Zaid Harchaoui@ Cordelia Schmid
766,286,AP,Subcategory-Aware Object Classification,Jian Dong@ Wei Xia@ Qiang Chen@ Jianshi Feng@ Zhongyang Huang@ Shuicheng Yan
1326,287,AP,Vantage Feature Frames for Fine-Grained Categorization,Asma Rejeb Sfar@ Nozha Boujemaa@ Donald Geman
1232,288,AP,Probabilistic Label Trees for Efficient Large Scale Image Classification,Baoyuan Liu@ Fereshteh Sadeghi@ Marshall Tappen@ Ohad Shamir@ Ce Liu
1520,289,AP,Harvesting Mid-level Visual Concepts from Large-Scale Internet Images,Quannan Li@ Jiajun Wu@ Zhuowen Tu
1548,290,AP,Adaptive Active Learning for Image Classification,Xin Li@ Yuhong Guo
838,291,AP,SCaLE: Supervised and Cascaded Laplacian Eigenmaps for Visual Object Recognition Based on Nearest Neighbors,Ruobing Wu@ Yizhou Yu@ Wenping Wang
1541,292,AP,Adding Unlabeled Samples to Categories by Learned Attributes,Mohammad Rastegari@ Ali Farhadi@ Larry S. Davis
1449,293,AP,Visual Place Recognition with Repetitive Structures,Akihiko Torii@ Josef Sivic@ Tomas Pajdla@ Masatoshi Okutomi
162,294,AP,Cross-View Image Geolocalization,Tsung-Yi Lin@ Serge Belongie@ James Hays
1815,295,AP,Efficient 2D-to-3D Correspondence Filtering for Scalable 3D Object Recognition,Qiang Hao@ Rui Cai@ Zhiwei Li@ Lei Zhang@ Yanwei Pang@ Feng Wu@ Yong Rui
2069,296,AP,Learning and Calibrating Per-Location Classifiers for Visual Place Recognition,Petr Gronát@ Guillaume Obozinski@ Josef Sivic@ Tomáš Pajdla
1348,297,AP,An Approach to Pose-Based Action Recognition,Chunyu Wang@ Yizhou Wang@ Alan L. Yuille
1086,298,AP,Blocks That Shout: Distinctive Parts for Scene Classification,Mayank Juneja@ Andrea Vedaldi@ C.V. Jawahar@ Andrew Zisserman
1973,299,AP,Part Discovery from Partial Correspondence,Subhransu Maji@ Gregory Shakhnarovich
416,300,AP,Learning Collections of Part Models for Object Recognition,Ian Endres@ Kevin J. Shih@ Johnston Jiaa@ Derek Hoiem
1194,301,AP,Fast Multiple-Part Based Object Detection Using KD-Ferns,Dan Levi@ Shai Silberstein@ Aharon Bar-Hillel
107,302,AP,POOF: Part-Based One-vs.-One Features for Fine-Grained Categorization@ Face Verification@ and Attribute Estimation,Thomas Berg@ Peter N. Belhumeur
,302.1,SD,Poster Session: Imaging,
739,303,AP,Non-parametric Filtering for Geometric Detail Extraction and Material Representation,Zicheng Liao@ Jason Rock@ Yang Wang@ David Forsyth
1275,304,AP,Learning the Change for Automatic Image Cropping,Jianzhou Yan@ Stephen Lin@ Sing Bing Kang@ Xiaoou Tang
1460,305,AP,Statistical Textural Distinctiveness for Salient Region Detection in Natural Images,Christian Scharfenberger@ Alexander Wong@ Khalil Fergani@ John S. Zelek@ David A. Clausi
1430,306,AP,Real-Time No-Reference Image Quality Assessment Based on Filter Learning,Peng Ye@ Jayant Kumar@ Le Kang@ David Doermann
187,307,AP,Learning without Human Scores for Blind Image Quality Assessment,Wufeng Xue@ Lei Zhang@ Xuanqin Mou
89,308,AP,The Variational Structure of Disparity and Regularization of 4D Light Fields,Bastian Goldluecke@ Sven Wanner
821,309,AP,Globally Consistent Multi-label Assignment on the Ray Space of 4D Light Fields,Sven Wanner@ Christoph Straehle@ Bastian Goldluecke
954,310,AP,Principal Observation Ray Calibration for Tiled-Lens-Array Integral Imaging Display,Weiming Li@ Haitao Wang@ Mingcai Zhou@ Shandong Wang@ Shaohui Jiao@ Xing Mei@ Tao Hong@ Hoyoung Lee@ Jiyeun Kim
1458,311,AP,Decoding@ Calibration and Rectification for Lenselet-Based Plenoptic Cameras,Donald G. Dansereau@ Oscar Pizarro@ Stefan B. Williams
1663,312,AP,Adherent Raindrop Detection and Removal in Video,Shaodi You@ Robby T. Tan@ Rei Kawakami@ Katsushi Ikeuchi
229,313,AP,Stochastic Deconvolution,James Gregson@ Felix Heide@ Matthias B. Hullin@ Mushfiqur Rouf@ Wolfgang Heidrich
482,314,AP,Multi-image Blind Deblurring Using a Coupled Adaptive Sparse Prior,Haichao Zhang@ David Wipf@ Yanning Zhang
1038,315,AP,Fast Image Super-Resolution Based on In-Place Example Regression,Jianchao Yang@ Zhe Lin@ Scott Cohen
1746,316,AP,A Machine Learning Approach for Non-blind Image Deconvolution,Christian J. Schuler@ Harold Christopher Burger@ Stefan Harmeling@ Bernhard Schölkopf
1819,317,AP,Learning to Estimate and Remove Non-uniform Image Blur,Florent Couzinié-Devy@ Jian Sun@ Karteek Alahari@ Jean Ponce
2171,318,AP,On a Link Between Kernel Mean Maps and Fraunhofer Diffraction@ with an Application to Super-Resolution Beyond the Diffraction Limit,Stefan Harmeling@ Michael Hirsch@ Bernhard Schölkopf
2083,319,AP,Blur Processing Using Double Discrete Wavelet Transform,Yi Zhang@ Keigo Hirakawa
1387,320,AP,Structured Face Hallucination,Chih-Yuan Yang@ Sifei Liu@ Ming-Hsuan Yang
371,321,AP,Unnatural L0 Sparse Representation for Natural Image Deblurring,Li Xu@ Shicheng Zheng@ Jiaya Jia
1788,322,AP,Non-uniform Motion Deblurring for Bilayer Scenes,C. Paramanand@ A.N. Rajagopalan
1896,323,AP,Depth Super Resolution by Rigid Body Self-Similarity in 3D,Michael Hornáek@ Christoph Rhemann@ Margrit Gelautz@ Carsten Rother
189,324,AP,Saliency Aggregation: A Data-Driven Approach,Long Mai@ Yuzhen Niu@ Feng Liu
845,325,AP,What Makes a Patch Distinct?,Ran Margolin@ Ayellet Tal@ Lihi Zelnik-Manor
946,326,AP,Learning Video Saliency from Human Gaze Using Candidate Selection,Dmitry Rudoy@ Dan B. Goldman@ Eli Shechtman@ Lihi Zelnik-Manor
961,327,AP,Hierarchical Saliency Detection,Qiong Yan@ Li Xu@ Jianping Shi@ Jiaya Jia
602,328,AP,HDR Deghosting: How to Deal with Saturation?,Jun Hu@ Orazio Gallo@ Kari Pulli@ Xiaobai Sun
625,329,AP,FrameBreak: Dramatic Image Extrapolation by Guided Shift-Maps,Yinda Zhang@ Jianxiong Xiao@ James Hays@ Ping Tan
1537,330,AP,Video Enhancement of People Wearing Polarized Glasses: Darkening Reversal and Reflection Reduction,Mao Ye@ Cha Zhang@ Ruigang Yang
554,331,AP,Layer Depth Denoising and Completion for Structured-Light RGB-D Cameras,Ju Shen@ Sen-Ching S. Cheung
529,332,AP,Separating Signal from Noise Using Patch Recurrence across Scales,Maria Zontak@ Inbar Mosseri@ Michal Irani
163,333,AP,Texture Enhanced Image Denoising via Gradient Histogram Preservation,Wangmeng Zuo@ Lei Zhang@ Chunwei Song@ David Zhang
1512,334,AP,Fast Patch-Based Denoising Using Approximated Patch Geodesic Paths,Xiaogang Chen@ Sing Bing Kang@ Jie Yang@ Jingyi Yu
1605,335,AP,A New Model and Simple Algorithms for Multi-label Mumford-Shah Problems,Byung-Woo Hong@ Zhaojin Lu@ Ganesh Sundaramoorthi
1342,336,AP,Computing Diffeomorphic Paths for Large Motion Interpolation,Dohyung Seo@ Jeffrey Ho@ Baba C. Vemuri
1233,337,AP,Rotation@ Scaling and Deformation Invariant Scattering for Texture Discrimination,Laurent Sifre@ Stéphane Mallat
1943,338,AP,Sensing and Recognizing Surface Textures Using a GelSight Sensor,Rui Li@ Edward H. Adelson
2135,339,AP,Enriching Texture Analysis with Semantic Data,Tim Matthews@ Mark S. Nixon@ Mahesan Niranjan
,339.1,SD,Poster Session: Pose and Photometry,
627,340,AP,A Global Approach for the Detection of Vanishing Points and Mutually Orthogonal Vanishing Directions,Michel Antunes@ João P. Barreto
315,341,AP,Cloud Motion as a Calibration Cue,Nathan Jacobs@ Mohammad T. Islam@ Scott Workman
1408,342,AP,SLAM++: Simultaneous Localisation and Mapping at the Level of Objects,Renato F. Salas-Moreno@ Richard A. Newcombe@ Hauke Strasdat@ Paul H.J. Kelly@ Andrew J. Davison
311,343,AP,Rolling Shutter Camera Calibration,Luc Oth@ Paul Furgale@ Laurent Kneip@ Roland Siegwart
1901,344,AP,Radial Distortion Self-Calibration,José Henrique Brito@ Roland Angst@ Kevin Köser@ Marc Pollefeys
598,345,AP,A Minimum Error Vanishing Point Detection Approach for Uncalibrated Monocular Images of Man-Made Environments,Yiliang Xu@ Sangmin Oh@ Anthony Hoogs
45,346,AP,Five Shades of Grey for Fast and Reliable Camera Pose Estimation,Adam Herout@ István Szentandrási@ Michal Zachariáš@ Markéta Dubská@ Rudolf Kajan
975,347,AP,Can a Fully Unconstrained Imaging Model Be Applied Effectively to Central Cameras?,Filippo Bergamasco@ Andrea Albarelli@ Emanuele Rodolà@ Andrea Torsello
1758,348,AP,Single Image Calibration of Multi-axial Imaging Systems,Amit Agrawal@ Srikumar Ramalingam
525,349,AP,The Episolar Constraint: Monocular Shape from Shadow Correspondence,Austin Abrams@ Kylia Miskell@ Robert Pless
476,350,AP,Shading-Based Shape Refinement of RGB-D Images,Lap-Fai Yu@ Sai-Kit Yeung@ Yu-Wing Tai@ Stephen Lin
502,351,AP,Illumination Estimation Based on Bilayer Sparse Coding,Bing Li@ Weihua Xiong@ Weiming Hu@ Houwen Peng
890,352,AP,Learning Discriminative Illumination and Filters for Raw Material Classification with Optimal Projections of Bidirectional Texture Functions,Chao Liu@ Geifei Yang@ Jinwei Gu
1923,353,AP,A Theory of Refractive Photo-Light-Path Triangulation,Visesh Chari@ Peter Sturm
746,354,AP,Analytic Bilinear Appearance Subspace Construction for Modeling Image Irradiance under Natural Illumination and Non-Lambertian Reflectance,Shireen Y. Elhabian@ Aly A. Farag
1105,355,AP,Spectral Modeling and Relighting of Reflective-Fluorescent Scenes,Antony Lam@ Imari Sato
1805,356,AP,Specular Reflection Separation Using Dark Channel Prior,Hyeongwoo Kim@ Hailin Jin@ Sunil Hadap@ Inso Kweon
590,357,AP,BRDF Slices: Accurate Adaptive Anisotropic Appearance Acquisition,Jirí Filip@ Radomír Vávra@ Michal Haindl@ Pavel Žid@ Mikuláš Krupika@ Vlastimil Havran
210,358,AP,A New Perspective on Uncalibrated Photometric Stereo,Thoma Papadhimitri@ Paolo Favaro
418,359,AP,Multi-view Photometric Stereo with Spatially Varying Isotropic Materials,Zhenglong Zhou@ Zhe Wu@ Ping Tan
356,360,AP,Uncalibrated Photometric Stereo for Unknown Isotropic Reflectances,Feng Lu@ Yasuyuki Matsushita@ Imari Sato@ Takahiro Okabe@ Yoichi Sato
1632,361,AP,Calibrating Photometric Stereo by Holistic Reflectance Symmetry Analysis,Zhe Wu@ Ping Tan
1880,362,AP,Articulated and Restricted Motion Subspaces and Their Signatures,Bastien Jacquet@ Roland Angst@ Marc Pollefeys
1027,363,AP,Template-Based Isometric Deformable 3D Reconstruction with Sampling-Based Focal Length Self-Calibration,Adrien Bartoli@ Toby Collins
1636,364,AP,Monocular Template-Based 3D Reconstruction of Extensible Surfaces with Local Linear Elasticity,Abed Malti@ Richard Hartley@ Adrien Bartoli@ Jae-Hak Kim
2161,365,AP,Non-rigid Structure from Motion with Diffusion Maps Prior,Lili Tao@ Bogdan J. Matuszewski
1759,366,AP,Joint Detection@ Tracking and Mapping by Semantic Bundle Adjustment,Nicola Fioraio@ Luigi Di_Stefano
308,367,AP,A Practical Rank-Constrained Eight-Point Algorithm for Fundamental Matrix Estimation,Yinqiang Zheng@ Shigeki Sugimoto@ Masatoshi Okutomi
1377,368,AP,CLAM: Coupled Localization and Mapping with Efficient Outlier Handling,Jonathan Balzer@ Stefano Soatto
,368.1,SD,Poster Session: Methods and Retrieval,
622,369,AP,Inductive Hashing on Manifolds,Fumin Shen@ Chunhua Shen@ Qinfeng Shi@ Anton van_den_Hengel@ Zhenmin Tang
284,370,AP,Hash Bit Selection: A Unified Solution for Selection Problems in Hashing,Xianglong Liu@ Junfeng He@ Bo Lang@ Shih-Fu Chang
312,371,AP,All about VLAD,Relja Arandjelovic@ Andrew Zisserman
1949,372,AP,Binary Code Ranking with Weighted Hamming Distance,Lei Zhang@ Yongdong Zhang@ Jinhu Tang@ Ke Lu@ Qi Tian
33,373,AP,Consensus of k-NNs for Robust Neighborhood Selection on Graph-Based Manifolds,Vittal Premachandran@ Ramakrishna Kakarala
2024,374,AP,Topical Video Object Discovery from Key Frames by Modeling Word Co-occurrence Prior,Gangqiang Zhao@ Junsong Yuan@ Gang Hua
1280,375,AP,Query Adaptive Similarity for Large Scale Object Retrieval,Danfeng Qin@ Christian Wengert@ Luc Van_Gool
1145,376,AP,Image Tag Completion via Image-Specific and Tag-Specific Linear Sparse Reconstructions,Zijia Lin@ Guiguang Ding@ Mingqing Hu@ Jianmin Wang@ Xiaojun Ye
1315,377,AP,Lp-Norm IDF for Large Scale Image Search,Liang Zheng@ Shengjin Wang@ Ziqiong Liu@ Qi Tian
156,378,AP,Constraints as Features,Shmuel Asafi@ Daniel Cohen-Or
1799,379,AP,Learning a Manifold as an Atlas,Nikolaos Pitelis@ Chris Russell@ Lourdes Agapito
888,380,AP,Semi-supervised Learning of Feature Hierarchies for Object Detection in a Video,Yang Yang@ Guang Shu@ Mubarak Shah
1620,381,AP,Fully-Connected CRFs with Non-Parametric Pairwise Potential,Neill D.F. Campbell@ Kartic Subr@ Jan Kautz
1650,382,AP,Discriminative Sub-categorization,Minh Hoai@ Andrew Zisserman
1538,383,AP,Whitened Expectation Propagation: Non-Lambertian Shape from Shading and Shadow,Brian Potetz@ Mohammadreza Hajiarbabi
234,384,AP,Fast Energy Minimization Using Learned State Filters,Matthieu Guillaumin@ Luc Van_Gool@ Vittorio Ferrari
1362,385,AP,Bilinear Programming for Human Activity Recognition with Unknown MRF Graphs,Zhenhua Wang@ Qinfeng Shi@ Chunhua Shen@ Anton van_den_Hengel
1227,386,AP,A Higher-Order CRF Model for Road Network Extraction,Jan D. Wegner@ Javier A. Montoya-Zegarra@ Konrad Schindler
276,387,AP,Nonlinearly Constrained MRFs: Exploring the Intrinsic Dimensions of Higher-Order Cliques,Yun Zeng@ Chaohui Wang@ Stefano Soatto@ Shing-Tung Yau
1843,388,AP,Fast Trust Region for Segmentation,Lena Gorelick@ Frank R. Schmidt@ Yuri Boykov
712,389,AP,Optimal Geometric Fitting under the Truncated L2-Norm,Erik Ask@ Olof Enqvist@ Fredrik Kahl
550,390,AP,In Defense of 3D-Label Stereo,Carl Olsson@ Johannes Ulén@ Yuri Boykov
389,391,AP,Universality of the Local Marginal Polytope,Daniel Proša@ Tomáš Werner
899,392,AP,Continuous Inference in Graphical Models with Polynomial Energies,Mathieu Salzmann
969,393,AP,Towards Efficient and Exact MAP-Inference for Large Scale Discrete Computer Vision Problems via Combinatorial Optimization,Joerg Hendrik Kappes@ Markus Speth@ Gerhard Reinelt@ Christoph Schnoerr
2137,395,AP,A Genetic Algorithm-Based Solver for Very Large Jigsaw Puzzles,Dror Sholomon@ Omid David@ Nathan S. Netanyahu
572,396,AP,A Convex Regularize for Reducing Color Artifact in Color Image Recovery,Shunsuke Ono@ Isao Yamada
997,397,AP,Kernel Learning for Extrinsic Classification of Manifold Features,Raviteja Vemulapalli@ Jaishanker K. Pillai@ Rama Chellappa
,397.1,SD,Poster Session: Segmentation and Shape,
971,398,AP,Deep Learning Shape Priors for Object Segmentation,Fei Chen@ Huimin Yu@ Roland Hu@ Xunxun Zeng
2031,399,AP,PDM-ENLOR: Learning Ensemble of Local PDM-Based Regressions,Y.H. Le@ U. Kurkure@ I.A. Kakadiaris
324,400,AP,Incorporating User Interaction and Topological Constraints within Contour Completion via Discrete Calculus,Jia Xu@ Maxwell D. Collins@ Vikas Singh
1855,401,AP,Recovering Line-Networks in Images by Junction-Point Processes,Dengfeng Chai@ Wolfgang Förstner@ Florent Lafarge
327,402,AP,Image Matting with Local and Nonlocal Smooth Priors,Xiaowu Chen@ Dongqing Zou@ Steven Zhiying Zhou@ Qinping Zhao@ Ping Tan
1117,403,AP,Probabilistic Graphlet Cut: Exploiting Spatial Structure Cue for Weakly Supervised Image Segmentation,Luming Zhang@ Mingli Song@ Zicheng Liu@ Xiao Liu@ Jiajun Bu@ Chun Chen
1900,404,AP,Towards Fast and Accurate Segmentation,Camillo Jose Taylor
99,405,AP,Discriminative Re-ranking of Diverse Segmentations,Payman Yadollahpour@ Dhruv Batra@ Gregory Shakhnarovich
240,406,AP,Robust Region Grouping via Internal Patch Statistics,Xiaobai Liu@ Liang Lin@ Alan L. Yuille
721,407,AP,Unsupervised Joint Object Discovery and Segmentation in Internet Images,Michael Rubinstein@ Armand Joulin@ Johannes Kopf@ Ce Liu
1022,408,AP,Ensemble Video Object Cut in Highly Dynamic Scenes,Xiaobo Ren@ Tony X. Han@ Zhihai He
1736,409,AP,Graph Transduction Learning with Connectivity Constraints with Application to Multiple Foreground Cosegmentation,Tianyang Ma@ Longin Jan Latecki
1095,410,AP,Top-Down Segmentation of Non-rigid Visual Objects Using Derivative-Based Search on Sparse Manifolds,Jacinto C. Nascimento@ Gustavo Carneiro
2002,411,AP,A Principled Deep Random Field Model for Image Segmentation,Pushmeet Kohli@ Anton Osokin@ Stefanie Jegelka
1606,412,AP,Background Modeling Based on Bidirectional Analysis,Atsushi Shimada@ Hajime Nagahara@ Rin-Ichiro Taniguchi
69,413,AP,Learning for Structured Prediction Using Approximate Subgradient Descent with Working Sets,Aurélien Lucchi@ Yunpeng Li@ Pascal Fua
1698,414,AP,A Sentence Is Worth a Thousand Pixels,Sanja Fidler@ Abhishek Sharma@ Raquel Urtasun
905,415,AP,GRASP Recurring Patterns from a Single View,Jingchen Liu@ Yanxi Liu
526,416,AP,Image Segmentation by Cascaded Region Agglomeration,Zhile Ren@ Gregory Shakhnarovich
1674,417,AP,Augmenting CRFs with Boltzmann Machine Shape Priors for Image Labeling,Andrew Kae@ Kihyuk Sohn@ Honglak Lee@ Erik Learned-Miller
724,418,AP,Voxel Cloud Connectivity Segmentation - Supervoxels for Point Clouds,Jeremie Papon@ Alexey Abramov@ Markus Schoeler@ Florentin Wörgötter
1081,419,AP,SCALPEL: Segmentation Cascades with Localized Priors and Efficient Learning,David Weiss@ Ben Taskar
1337,420,AP,Submodular Salient Region Detection,Zhuolin Jiang@ Larry S. Davis
98,421,AP,A Video Representation Using Temporal Superpixels,Jason Chang@ Donglai Wei@ John W. Fisher_III
1101,422,AP,Pose from Flow and Flow from Pose,Katerina Fragkiadaki@ Han Hu@ Jianbo Shi
1282,423,AP,Mesh Based Semantic Modelling for Indoor and Outdoor Scenes,Julien P.C. Valentin@ Sunando Sengupta@ Jonathan Warrell@ Ali Shahrokni@ Philip H.S. Torr
915,424,AP,Weakly-Supervised Dual Clustering for Image Semantic Segmentation,Yang Liu@ Jing Liu@ Zechao Li@ Jinhui Tang@ Hanqing Lu
575,425,AP,Salient Object Detection: A Discriminative Regional Feature Integration Approach,Huaizu Jiang@ Jingdong Wang@ Zejian Yuan@ Yang Wu@ Nanning Zheng@ Shipeng Li
541,426,AP,Revisiting Depth Layers from Occlusions,Adarsh Kowdle@ Andrew Gallagher@ Tsuhan Chen
1171,427,AP,Hierarchical Video Representation with Trajectory Binary Partition Tree,Guillem Palou@ Philippe Salembier
426,428,AP,Discriminative Subspace Clustering,Vasileios Zografos@ Liam Ellis@ Rudolf Mester
519,429,AP,PISA: Pixelwise Image Saliency by Aggregating Complementary Appearance Contrast Measures with Spatial Priors,Keyang Shi@ Keze Wang@ Jiangbo Lu@ Liang Lin
1089,430,AP,Boundary Detection Benchmarking: Beyond F-Measures,Xiaodi Hou@ Alan Yuille@ Christof Koch
1796,431,AP,Measures and Meta-Measures for the Supervised Evaluation of Image Segmentation,Jordi Pont-Tuset@ Ferran Marques
1872,432,AP,Multi-resolution Shape Analysis via Non-Euclidean Wavelets: Applications to Mesh Segmentation and Surface Alignment Problems,Won Hwa Kim@ Moo K. Chung@ Vikas Singh
688,433,AP,Robust Estimation of Nonrigid Transformation for Point Set Registration,Jiayi Ma@ Ji Zhao@ Jinwen Tian@ Zhuowen Tu@ Alan L. Yuille
463,434,AP,Efficient Computation of Shortest Path-Concavity for 3D Meshes,Henrik Zimmer@ Marcel Campen@ Leif Kobbelt
504,435,AP,Boundary Cues for 3D Object Shape Recovery,Kevin Karsch@ Zicheng Liao@ Jason Rock@ Jonathan T. Barron@ Derek Hoiem
869,436,AP,A Linear Approach to Matching Cuboids in RGBD Images,Hao Jiang@ Jianxiong Xiao
,436.1,SD,Poster Session: Motion and Medical Imaging,
1014,437,AP,Blind Deconvolution of Widefield Fluorescence Microscopic Data by Regularization of the Optical Transfer Function (OTF),Margret Keuper@ Thorsten Schmidt@ Maja Temerinac-Ott@ Jan Padeken@ Patrick Heun@ Olaf Ronneberger@ Thomas Brox
741,438,AP,Image Understanding from Experts&#8217; Eyes by Modeling Perceptual Skill of Diagnostic Reasoning Processes,Rui Li@ Pengcheng Shi@ Anne R. Haake
153,439,AP,Adaptive Compressed Tomography Sensing,Oren Barkan@ Jonathan Weill@ Amir Averbuch@ Shai Dekel
1963,440,AP,Classification of Tumor Histology via Morphometric Context,Hang Chang@ Alexander Borowsky@ Paul Spellman@ Bahram Parvin
1155,441,AP,Efficient 3D Endfiring TRUS Prostate Segmentation with Globally Optimized Rotational Symmetry,Jing Yuan@ Wu Qiu@ Eranga Ukwatta@ Martin Rajchl@ Xue-Cheng Tai@ Aaron Fenster
1394,442,AP,Graph-Based Optimization with Tubularity Markov Tree for 3D Vessel Segmentation,Ning Zhu@ Albert C.S. Chung
1508,443,AP,Prostate Segmentation in CT Images via Spatial-Constrained Transductive Lasso,Yinghuan Shi@ Shu Liao@ Yaozong Gao@ Daoqiang Zhang@ Yang Gao@ Dinggang Shen
1485,444,AP,Area Preserving Brain Mapping,Zhengyu Su@ Wei Zeng@ Rui Shi@ Yalin Wang@ Jian Sun@ Xianfeng Gu
925,445,AP,Discriminative Brain Effective Connectivity Analysis for Alzheimer&#8217;s Disease: A Kernel Learning Approach upon Sparse Gaussian Bayesian Network,Luping Zhou@ Lei Wang@ Lingqiao Liu@ Philip Ogunbona@ Dinggang Shen
722,446,AP,Compressible Motion Fields,Giuseppe Ottaviano@ Pushmeet Kohli
534,447,AP,Fast Rigid Motion Segmentation via Incrementally-Complex Local Models,Fernando Flores-Mangas@ Allan D. Jepson
1070,448,AP,Determining Motion Directly from Normal Flows Upon the Use of a Spherical Eye Platform,Tak-Wai Hui@ Ronald Chung
461,449,AP,Correspondence-Less Non-rigid Registration of Triangular Surface Meshes,Zsolt Sánta@ Zoltan Kato
687,450,AP,Video Editing with Temporal@ Spatial and Appearance Consistency,Xiaojie Guo@ Xiaochun Cao@ Xiaowu Chen@ Yi Ma
1047,451,AP,Correlation Filters for Object Alignment,Vishnu Naresh Boddeti@ Takeo Kanade@ B.V.K. Vijaya Kumar
1403,452,AP,Plane-Based Content Preserving Warps for Video Stabilization,Zihan Zhou@ Hailin Jin@ Yi Ma
603,453,AP,Deformable Spatial Pyramid Matching for Fast Dense Correspondences,Jaechul Kim@ Ce Liu@ Fei Sha@ Kristen Grauman
700,454,AP,The Generalized Laplacian Distance and Its Applications for Visual Matching,Elhanan Elboer@ Michael Werman@ Yacov Hel-Or
439,455,AP,Groupwise Registration via Graph Shrinkage on the Image Manifold,Shihui Ying@ Guorong Wu@ Qian Wang@ Dinggang Shen
1311,456,AP,FasT-Match: Fast Affine Template Matching,Simon Korman@ Daniel Reichman@ Gilad Tsur@ Shai Avidan
927,457,AP,As-Projective-As-Possible Image Stitching with Moving DLT,Julio Zaragoza@ Tat-Jun Chin@ Michael S. Brown@ David Suter
1307,458,AP,Real-Time Model-Based Rigid Object Pose Estimation and Tracking Combining Dense and Sparse Visual Cues,Karl Pauwels@ Leonardo Rubio@ Javier Díaz@ Eduardo Ros
1399,459,AP,Minimum Uncertainty Gap for Robust Visual Tracking,Junseok Kwon@ Kyoung Mu Lee
829,460,AP,Part-Based Visual Tracking with Online Latent Structural Learning,Rui Yao@ Qinfeng Shi@ Chunhua Shen@ Yanning Zhang@ Anton van_den_Hengel
1426,461,AP,Least Soft-Threshold Squares Tracking,Dong Wang@ Huchuan Lu@ Ming-Hsuan Yang
1018,462,AP,Self-Paced Learning for Long-Term Tracking,James Steven Supancic@ Deva Ramanan
1649,463,AP,Multi-target Tracking by Rank-1 Tensor Approximation,Xinchu Shi@ Haibin Ling@ Junling Xing@ Weiming Hu
477,464,AP,Robust Real-Time Tracking of Multiple Objects by Volumetric Mass Densities,Horst Possegger@ Sabine Sternig@ Thomas Mauthner@ Peter M. Roth@ Horst Bischof
618,465,AP,Information Consensus for Distributed Multi-target Tracking,Ahmed T. Kamal@ Jay A. Farrell@ Amit K. Roy-Chowdhury
558,466,AP,Online Object Tracking: A Benchmark,Yi Wu@ Jongwoo Lim@ Ming-Hsuan Yang
668,467,AP,Learning Compact Binary Codes for Visual Tracking,Xi Li@ Chunhua Shen@ Anthony Dick@ Anton van_den_Hengel
1121,468,AP,Visual Tracking via Locality Sensitive Histograms,Shengfeng He@ Qingxiong Yang@ Rynson W.H. Lau@ Jiang Wang@ Ming-Hsuan Yang
11,469,AP,Optical Flow Estimation Using Laplacian Mesh Energy,Wenbin Li@ Darren Cosker@ Matthew Brown@ Rui Tang
377,470,AP,Large Displacement Optical Flow from Nearest Neighbor Fields,Zhuoyuan Chen@ Hailin Jin@ Zhe Lin@ Scott Cohen@ Ying Wu
1653,471,AP,A Fully-Connected Layered Model of Foreground and Background Flow,Deqing Sun@ Jonas Wulff@ Erik B. Sudderth@ Hanspeter Pfister@ Michael J. Black
,471.1,SD,Poster Session: Video Analysis,
357,472,AP,Crossing the Line: Crowd Counting by Integer Programming with Local Features,Zheng Ma@ Antoni B. Chan
1727,473,AP,Multi-source Multi-scale Counting in Extremely Dense Crowd Images,Haroon Idrees@ Imran Saleemi@ Cody Seibert@ Mubarak Shah
877,474,AP,Better Exploiting Motion for Better Action Recognition,Mihir Jain@ Hervé Jégou@ Patrick Bouthemy
155,475,AP,Detection of Manipulation Action Consequences (MAC),Yezhou Yang@ Cornelia Fermuller@ Yiannis Aloimonos
183,476,AP,Representing Videos Using Mid-level Discriminative Patches,Arpit Jain@ Abhinav Gupta@ Mikel Rodriguez@ Larry S. Davis
344,477,AP,Modeling Actions through State Changes,Alireza Fathi@ James M. Rehg
422,478,AP,Recognizing Activities via Bag of Words for Attribute Dynamics,Weixin Li@ Qian Yu@ Harpreet Sawhney@ Nuno Vasconcelos
1093,479,AP,Sampling Strategies for Real-Time Action Recognition,Feng Shi@ Emil Petriu@ Robert Laganière
1844,480,AP,Dynamic Scene Classification: Learning Motion Descriptors with Slow Features Analysis,Christian Thériault@ Nicolas Thome@ Matthieu Cord
1269,481,AP,Online Dominant and Anomalous Behavior Detection in Videos,Mehrsan Javan Roshtkhari@ Martin D. Levine
122,482,AP,Augmenting Bag-of-Words: Data-Driven Discovery of Temporal and Structural Information for Activity Recognition,Vinay Bettadapura@ Grant Schindler@ Thomas Ploetz@ Irfan Essa
771,483,AP,Complex Event Detection via Multi-source Video Attributes,Zhigang Ma@ Yi Yang@ Zhongwen Xu@ Shuicheng Yan@ Nicu Sebe@ Alexander G. Hauptmann
1330,484,AP,A Thousand Frames in Just a Few Words: Lingual Description of Videos through Latent Topics and Sparse Object Stitching,Pradipto Das@ Chenliang Xu@ Richard F. Doell@ Jason J. Corso
1063,485,AP,Spatiotemporal Deformable Part Models for Action Detection,Yicong Tian@ Rahul Sukthankar@ Mubarak Shah
1299,486,AP,Poselet Key-Framing: A Model for Human Activity Recognition,Michalis Raptis@ Leonid Sigal
995,487,AP,Recognize Human Activities from Partially Observed Videos,Yu Cao@ Daniel Barrett@ Andrei Barbu@ Siddharth Narayanaswamy@ Haonan Yu@ Aaron Michaux@ Yuewei Lin@ Sven Dickinson@ Jeffrey Mark Siskind@ Song Wang
1235,488,AP,Event Recognition in Videos by Learning from Heterogeneous Web Sources,Lin Chen@ Lixin Duan@ Dong Xu
1223,489,AP,Motionlets: Mid-level 3D Parts for Human Motion Recognition,Limin Wang@ Yu Qiao@ Xiaoou Tang
102,490,AP,Multi-agent Event Detection: Localization and Role Assignment,Suha Kwak@ Bohyung Han@ Joon Hee Han
817,491,AP,Cross-View Action Recognition via a Continuous Virtual Path,Zhong Zhang@ Chunheng Wang@ Baihua Xiao@ Wen Zhou@ Shuang Liu@ Cunzhao Shi
135,492,AP,Large-Scale Video Summarization Using Web-Image Priors,Aditya Khosla@ Raffay Hamid@ Chih-Jen Lin@ Neel Sundaresan
298,493,AP,Representing and Discovering Adversarial Team Behaviors Using Player Roles,Patrick Lucey@ Alina Bialkowski@ Peter Carr@ Stuart Morgan@ Iain Matthews@ Yaser Sheikh
1257,494,AP,Story-Driven Summarization for Egocentric Video,Zheng Lu@ Kristen Grauman
1332,495,AP,Finding Group Interactions in Social Clutter,Ruonan Li@ Parker Porfilio@ Todd Zickler
1396,496,AP,First-Person Activity Recognition: What Are They Doing to Me?,M.S. Ryoo@ Larry Matthies
1822,497,AP,Joint Sparsity-Based Representation and Analysis of Unconstrained Activities,Raghuraman Gopalan
1912,498,AP,Motion Estimation for Self-Driving Cars with a Generalized Camera,Gim Hee Lee@ Friedrich Faundorfer@ Marc Pollefeys
,498.1,SD,Poster Session: Features and Contours,
43,499,AP,Learning Separable Filters,Roberto Rigamonti@ Amos Sironi@ Vincent Lepetit@ Pascal Fua
569,500,AP,Robust Feature Matching with Alternate Hough and Inverted Hough Transforms,Hsin-Yi Chen@ Yen-Yu Lin@ Bing-Yu Chen
2017,501,AP,SWIGS: A Swift Guided Sampling Method,Victor Fragoso@ Matthew Turk
1083,502,AP,Learning Multiple Non-linear Sub-spaces Using K-RBMs,Siddhartha Chandra@ Shailesh Kumar@ C.V. Jawahar
1075,503,AP,Light Field Distortion Feature for Transparent Object Recognition,Kazuki Maeno@ Hajime Nagahara@ Atsushi Shimada@ Rin-Ichiro Taniguchi
1940,504,AP,From Local Similarity to Global Coding: An Application to Image Classification,Amirreza Shaban@ Hamid R. Rabiee@ Mehrdad Farajtabar@ Marjan Ghazvininejad
1701,505,AP,Joint Spectral Correspondence for Disparate Image Matching,Mayank Bansal@ Kostas Daniilidis
1056,506,AP,Efficient Color Boundary Detection with Color-Opponent Mechanisms,Kaifu Yang@ Shaobing Gao@ Chaoyi Li@ Yongjie Li
578,507,AP,Winding Number for Region-Boundary Consistent Salient Contour Extraction,Yansheng Ming@ Hongdong Li@ Xuming He
1494,508,AP,Supervised Semantic Gradient Extraction Using Linear-Time Optimization,Shulin (Lynn) Yang@ Jue Wang@ Linda Shapiro
912,509,AP,Spatio-temporal Depth Cuboid Similarity Feature for Activity Recognition Using Depth Camera,Lu Xia@ J.K. Aggarwal
1988,510,AP,Sparse Quantization for Patch Description,Xavier Boix@ Michael Gygli@ Gemma Roig@ Luc Van_Gool
332,511,AP,Evaluation of Color STIPs for Human Action Recognition,Ivo Everts@ Jan C. van_Gemert@ Theo Gevers
260,512,AP,Supervised Kernel Descriptors for Visual Recognition,Peng Wang@ Jingdong Wang@ Gang Zeng@ Weiwei Xu@ Hongbin Zha@ Shipeng Li
1925,513,AP,Discriminative Color Descriptors,Rahat Khan@ Joost Van_de_Weijer@ Fahad Shahbaz Khan@ Damien Muselet@ Christophe Ducottet@ Cecile Barat
8,514,AP,Boosting Binary Keypoint Descriptors,Tomasz Trzcinski@ Mario Christoudias@ Pascal Fua@ Vincent Lepetit
882,515,AP,Exploring Weak Stabilization for Motion Feature Extraction,Dennis Park@ C. Lawrence Zitnick@ Deva Ramanan@ Piotr Dollár
1325,516,AP,Dense Segmentation-Aware Descriptors,Eduard Trulls@ Iasonas Kokkinos@ Alberto Sanfeliu@ Francesc Moreno-Noguer
1567,517,AP,Keypoints from Symmetries by Wave Propagation,Samuele Salti@ Alessandro Lanza@ Luigi Di_Stefano
680,518,AP,Graph Matching with Anchor Nodes: A Learning Approach,Nan Hu@ Raif M. Rustamov@ Leonidas Guibas
1039,519,AP,Dense Non-rigid Point-Matching Using Random Projections,Raffay Hamid@ Dennis Decoste@ Chih-Jen Lin
73,520,AP,Deformable Graph Matching,Feng Zhou@ Fernando De_la_Torre
707,521,AP,Scene Coordinate Regression Forests for Camera Relocalization in RGB-D Images,Jamie Shotton@ Ben Glocker@ Christopher Zach@ Shahram Izadi@ Antonio Criminisi@ Andrew Fitzgibbon
257,522,AP,K-Means Hashing: An Affinity-Preserving Quantization Method for Learning Binary Compact Codes,Kaiming He@ Fang Wen@ Jian Sun
694,523,AP,Optimized Product Quantization for Approximate Nearest Neighbor Search,Tiezheng Ge@ Kaiming He@ Qifa Ke@ Jian Sun
2084,524,AP,A Non-parametric Framework for Document Bleed-through Removal,Róisín Rowley-Brooke@ François Pitié@ Anil Kokaram
784,525,AP,Scene Text Recognition Using Part-Based Tree-Structured Character Detection,Cunzhao Shi@ Chunheng Wang@ Baihua Xiao@ Yang Zhang@ Song Gao@ Zhong Zhang
328,526,AP,Active Contours with Group Similarity,Xiaowei Zhou@ Xiaojie Huang@ James S. Duncan@ Weichuan Yu
1696,527,AP,Accurate and Robust Registration of Nonrigid Surface Using Hierarchical Statistical Shape Model,Hidekata Hontani@ Yuto Tsunekawa@ Yoshihide Sawada
,527.1,SD,Poster Session: Objects and Scenes,
1648,528,AP,Manhattan Junction Catalogue for Spatial Reasoning of Indoor Scenes,Srikumar Ramalingam@ Jaishanker K. Pillai@ Arpit Jain@ Yuichi Taguchi
1407,529,AP,Tensor-Based High-Order Semantic Relation Transfer for Semantic Scene Segmentation,Heesoo Myeong@ Kyoung Mu Lee
600,530,AP,Geometric Context from Videos,S. Hussain Raza@ Matthias Grundmann@ Irfan Essa
1272,531,AP,It&#8217;s Not Polite to Point: Describing People with Uncertain Attributes,Amir Sadovnik@ Andrew Gallagher@ Tsuhan Chen
285,532,AP,Heterogeneous Visual Features Fusion via Sparse Multimodal Machine,Hua Wang@ Feiping Nie@ Heng Huang@ Chris Ding
251,533,AP,A Max-Margin Riffled Independence Model for Image Tag Ranking,Tian Lan@ Greg Mori
1638,534,AP,Weakly Supervised Learning for Attribute Localization in Outdoor Scenes,Shuo Wang@ Jungseock Joo@ Yizhou Wang@ Song-Chun Zhu
134,535,AP,Scene Parsing by Integrating Function@ Geometry and Appearance Models,Yibiao Zhao@ Song-Chun Zhu
376,536,AP,Beyond Point Clouds: Scene Understanding by Reasoning Geometry and Physics,Bo Zheng@ Yibiao Zhao@ Joey C. Yu@ Katsushi Ikeuchi@ Song-Chun Zhu
500,537,AP,Label Propagation from ImageNet to 3D Point Clouds,Yan Wang@ Rongrong Ji@ Shih-Fu Chang
678,538,AP,Analyzing Semantic Segmentation Using Hybrid Human-Machine CRFs,Roozbeh Mottaghi@ Sanja Fidler@ Jian Yao@ Raquel Urtasun@ Devi Parikh
2169,539,AP,Nonparametric Scene Parsing with Adaptive Feature Relevance and Semantic Context,Gautam Singh@ Jana Kosecka
621,540,AP,Sketch Tokens: A Learned Mid-level Representation for Contour and Object Detection,Joseph J. Lim@ C. Lawrence Zitnick@ Piotr Dollár
1639,541,AP,Saliency Detection via Graph-Based Manifold Ranking,Chuan Yang@ Lihe Zhang@ Huchuan Lu@ Xiang Ruan@ Ming-Hsuan Yang
951,542,AP,Maximum Cohesive Grid of Superpixels for Fast Object Localization,Liang Li@ Wei Feng@ Liang Wan@ Jiawan Zhang
735,543,AP,Accurate Localization of 3D Objects from RGB-D Data Using Segmentation Hypotheses,Byung-Soo Kim@ Shili Xu@ Silvio Savarese
754,544,AP,Efficient Maximum Appearance Search for Large-Scale Object Detection,Qiang Chen@ Zheng Song@ Rogerio Feris@ Ankur Datta@ Liangliang Cao@ Zhongyang Huang@ Shuicheng Yan
1175,545,AP,Single-Pedestrian Detection Aided by Multi-pedestrian Detection,Wanli Ouyang@ Xiaogang Wang
1290,546,AP,Robust Object Co-detection,Xin Guo@ Dong Liu@ Brendan Jou@ Mojun Zhu@ Anni Cai@ Shih-Fu Chang
405,547,AP,Integrating Grammar and Segmentation for Human Pose Estimation,Brandon Rothrock@ Seyoung Park@ Song-Chun Zhu
1176,548,AP,Modeling Mutual Visibility Relationship in Pedestrian Detection,Wanli Ouyang@ Xingyu Zeng@ Xiaogang Wang
1143,549,AP,Learning to Detect Partially Overlapping Instances,Carlos Arteta@ Victor Lempitsky@ J. Alison Noble@ Andrew Zisserman
790,550,AP,Looking Beyond the Image: Unsupervised Learning for Object Saliency and Detection,Parthipan Siva@ Chris Russell@ Tao Xiang@ Lourdes Agapito
1025,551,AP,Histograms of Sparse Codes for Object Detection,Xiaofeng Ren@ Deva Ramanan
933,552,AP,Efficient Detector Adaptation for Object Detection in a Video,Pramod Sharma@ Ram Nevatia
1487,553,AP,A Lazy Man&#8217;s Approach to Benchmarking: Semisupervised Classifier Evaluation and Recalibration,Peter Welinder@ Max Welling@ Pietro Perona
113,554,AP,Fast Object Detection with Entropy-Driven Evaluation,Raphael Sznitman@ Carlos Becker@ François Fleuret@ Pascal Fua
909,555,AP,Discriminatively Trained And-Or Tree Models for Object Detection,Xi Song@ Tianfu Wu@ Yunde Jia@ Song-Chun Zhu
1563,556,AP,Occlusion Patterns for Object Class Detection,Bojan Pepikj@ Michael Stark@ Peter Gehler@ Bernt Schiele
1700,557,AP,Bottom-Up Segmentation for Top-Down Detection,Sanja Fidler@ Roozbeh Mottaghi@ Alan Yuille@ Raquel Urtasun
1073,558,AP,Composite Statistical Inference for Semantic Segmentation,Fuxin Li@ Joao Carreira@ Guy Lebanon@ Cristian Sminchisescu
2141,559,AP,Multi-attribute Queries: To Merge or Not to Merge?,Mohammad Rastegari@ Ali Diba@ Devi Parikh@ Ali Farhadi
2006,560,AP,Local Fisher Discriminant Analysis for Pedestrian Re-identification,Sateesh Pedagadi@ James Orwell@ Sergio Velastin@ Boghos Boghossian
1004,561,AP,Explicit Occlusion Modeling for 3D Object Class Representations,M. Zeeshan Zia@ Michael Stark@ Konrad Schindler
447,562,AP,Incorporating Structural Alternatives and Sharing into Hierarchy for Multiclass Object Recognition and Detection,Xiaolong Wang@ Liang Lin@ Lichao Huang@ Shuicheng Yan
880,563,AP,Articulated Pose Estimation Using Discriminative Armlet Classifiers,Georgia Gkioxari@ Pablo Arbeláez@ Lubomir Bourdev@ Jitendra Malik
757,564,AP,Sparse Output Coding for Large-Scale Visual Recognition,Bin Zhao@ Eric P. Xing
727,565,AP,From N to N+1: Multiclass Transfer Incremental Learning,Ilja Kuzborskij@ Francesco Orabona@ Barbara Caputo
1049,566,AP,What&#8217;s in a Name? First Names as Facial Attributes,Huizhong Chen@ Andrew C. Gallagher@ Bernd Girod
1795,567,AP,Kernel Null Space Methods for Novelty Detection,Paul Bodesheim@ Alexander Freytag@ Erik Rodner@ Michael Kemmler@ Joachim Denzler
1706,568,AP,Expressive Visual Text-to-Speech Using Active Appearance Models,Robert Anderson@ Björn Stenger@ Vincent Wan@ Roberto Cipolla
30,569,AP,Computationally Efficient Regression on a Dependency Graph for Human Pose Estimation,Kota Hara@ Rama Chellappa
1892,570,AP,Hollywood 3D: Recognizing Actions in 3D Natural Scenes,Simon Hadfield@ Richard Bowden
1942,571,AP,3D Visual Proxemics: Recognizing Human Interactions in 3D from a Single Image,Ishani Chakraborty@ Hui Cheng@ Omar Javed
1621,572,AP,Decoding Children&#8217;s Social Behavior,James M. Rehg@ Gregory D. Abowd@ Agata Rozga@ Mario Romero@ Mark A. Clements@ Stan Sclaroff@ Irfan Essa@ Opal Y. Ousley@ Yin Li@ Chanho Kim@ Hrishikesh Rao@ Jonathan C. Kim@ Liliana Lo Presti@ Jianming Zhang@ Denis Lantsman@ Jonathan Bidwell@ Zhefan Ye
1924,573,AP,Capturing Complex Spatio-temporal Relations among Facial Muscles for Facial Expression Recognition,Ziheng Wang@ Shangfei Wang@ Qiang Ji
1882,574,AP,Detecting Pulse from Head Motions in Video,Guha Balakrishnan@ Fredo Durand@ John Guttag
781,575,AP,Towards Contactless@ Low-Cost and Accurate 3D Fingerprint Identification,Ajay Kumar@ Cyril Kwong
2082,576,AP,Robust Discriminative Response Map Fitting with Constrained Local Models,Akshay Asthana@ Stefanos Zafeiriou@ Shiyang Cheng@ Maja Pantic
1354,577,AP,Facial Feature Tracking Under Varying Facial Expressions and Face Poses Based on Restricted Boltzmann Machines,Yue Wu@ Zuoguan Wang@ Qiang Ji
745,578,AP,Detecting and Aligning Faces by Image Retrieval,Xiaohui Shen@ Zhe Lin@ Jonathan Brandt@ Ying Wu
1740,579,AP,Learning SURF Cascade for Fast and Accurate Object Detection,Jianguo Li@ Yimin Zhang
498,580,AP,Deep Convolutional Network Cascade for Facial Point Detection,Yi Sun@ Xiaogang Wang@ Xiaoou Tang
1836,581,AP,Exemplar-Based Face Parsing,Brandon M. Smith@ Li Zhang@ Jonathan Brandt@ Zhe Lin@ Jianchao Yang
1908,582,AP,Graph-Laplacian PCA: Closed-Form Solution and Robustness,Bo Jiang@ Chris Ding@ Bio Luo@ Jin Tang
,582.1,SD,Poster Session: People and Faces,
246,583,AP,Probabilistic Elastic Matching for Pose Variant Face Verification,Haoxiang Li@ Gang Hua@ Zhe Lin@ Jonathan Brandt@ Jianchao Yang
1510,584,AP,Constrained Clustering and Its Application to Face Clustering in Videos,Baoyuan Wu@ Yifan Zhang@ Bao-Gang Hu@ Qiang Ji
172,585,AP,Selective Transfer Machine for Personalized Facial Action Unit Detection,Wen-Sheng Chu@ Fernando De La Torre@ Jeffery F. Cohn
1539,586,AP,The SVM-Minus Similarity Score for Video Face Recognition,Lior Wolf@ Noga Levy
653,587,AP,Face Recognition in Movie Trailers via Mean Sequence Sparse Representation-Based Classification,Enrique G. Ortiz@ Alan Wright@ Mubarak Shah
81,588,AP,Towards Pose Robust Face Recognition,Dong Yi@ Zhen Lei@ Stan Z. Li
1744,589,AP,Single-Sample Face Recognition with Image Corruption and Misalignment via Sparse Illumination Transfer,Liansheng Zhuang@ Allen Y. Yang@ Zihan Zhou@ S. Shankar Sastry@ Yi Ma
1838,590,AP,Fusing Robust Face Region Descriptors via Multiple Metric Learning for Face Recognition in the Wild,Zhen Cui@ Wen Li@ Dong Xu@ Shiguang Shan@ Xilin Chen
158,591,AP,Action Recognition by Hierarchical Sequence Summarization,Yale Song@ Louis-Philippe Morency@ Randall Davis
2119,592,AP,Pixel-Level Hand Detection in Ego-centric Videos,Cheng Li@ Kris M. Kitani
1197,593,AP,Human Pose Estimation Using a Joint Pixel-wise and Part-wise Formulation,L'ubor Ladický@ Philip H.S. Torr@ Andrew Zisserman
353,594,AP,Unsupervised Salience Learning for Person Re-identification,Rui Zhao@ Wanli Ouyang@ Xiaogang Wang
1628,595,AP,Locally Aligned Feature Transforms across Views,Wei Li@ Xiaogang Wang
95,596,AP,Semi-supervised Learning with Constraints for Person Identification in Multimedia Data,Martin Bäuml@ Makarand Tapaswi@ Rainer Stiefelhagen
1080,597,AP,Learning Locally-Adaptive Decision Functions for Person Verification,Zhen Li@ Shiyu Chang@ Feng Liang@ Thomas S. Huang@ Liangliang Cao@ John R. Smith
1827,598,AP,3D Pictorial Structures for Multiple View Articulated Pose Estimation,Magnus Burenius@ Josephine Sullivan@ Stefan Carlsson
1129,599,AP,Pedestrian Detection with Unsupervised Multi-stage Feature Learning,Pierre Sermanet@ Koray Kavukcuoglu@ Soumith Chintala@ Yann Lecun
1683,600,AP,A Joint Model for 2D and 3D Pose Estimation from a Single Image,E. Simo-Serra@ A. Quattoni@ C. Torras@ F. Moreno-Noguer
991,601,AP,Unconstrained Monocular 3D Human Pose Estimation by Action Detection and Cross-Modality Regression Forest,Tsz-Ho Yu@ Tae-Kyun Kim@ Roberto Cipolla
1273,602,AP,Hypergraphs for Joint Multi-view Reconstruction and Multi-object Tracking,Martin Hofmann@ Daniel Wolf@ Gerhard Rigoll
1588,603,AP,Tracking People and Their Objects,Tobias Baumgartner@ Dennis Mitzel@ Bastian Leibe
1384,604,AP,Seeking the Strongest Rigid Detector,Rodrigo Benenson@ Markus Mathias@ Tinne Tuytelaars@ Luc Van_Gool
1310,605,AP,MODEC: Multimodal Decomposable Models for Human Pose Estimation,Ben Sapp@ Ben Taskar
265,606,AP,Detection- and Trajectory-Level Exclusion in Multiple Object Tracking,Anton Milan@ Konrad Schindler@ Stefan Roth
964,607,AP,Optimized Pedestrian Detection for Multiple and Occluded People,Sitapa Rujikietgumjorn@ Robert T. Collins
1811,608,AP,Long-Term Occupancy Analysis Using Graph-Based Optimisation in Thermal Imagery,Rikke Gade@ Anders Jørgensen@ Thomas B. Moeslund
1972,609,AP,Detecting and Naming Actors in Movies Using Generative Appearance Models,Vineet Gandhi@ Remi Ronfard
216,610,AP,Harry Potter&#8217;s Marauder&#8217;s Map: Localizing and Tracking Multiple Persons-of-Interest by Nonnegative Discretization,Shoou-I Yu@ Yi Yang@ Alexander Hauptmann
872,611,AP,Improving an Object Detector and Extracting Regions Using Superpixels,Guang Shu@ Afshin Dehghan@ Mubarak Shah
2061,612,AP,Tracking Human Pose by Tracking Symmetric Parts,Varun Ramakrishna@ Takeo Kanade@ Yaser Sheikh
1944,9000,AP,An Iterated L1 Algorithm for Non-smooth Non-convex Optimization in Computer Vision,Peter Ochs@ Alexey Dosovitskiy@ Thomas Brox@ Thomas Pock
1451,9000,AP,In Defense of Sparsity Based Face Recognition,Weihong Deng@ Jiani Hu@ Jun Guo
