Ask Your Neurons: A Neural-Based Approach to Answering Questions About Images;http://www.cv-foundation.org/openaccess/content_iccv_2015/papers/Malinowski_Ask_Your_Neurons_ICCV_2015_paper.pdf
Segment-Phrase Table for Semantic Segmentation, Visual Entailment and Paraphrasing;http://www.cv-foundation.org/openaccess/content_iccv_2015/papers/Izadinia_Segment-Phrase_Table_for_ICCV_2015_paper.pdf
Aligning Books and Movies: Towards Story-Like Visual Explanations by Watching Movies and Reading Books;http://www.cv-foundation.org/openaccess/content_iccv_2015/papers/Zhu_Aligning_Books_and_ICCV_2015_paper.pdf
Learning Query and Image Similarities With Ranking Canonical Correlation Analysis;http://www.cv-foundation.org/openaccess/content_iccv_2015/papers/Yao_Learning_Query_and_ICCV_2015_paper.pdf
Learning to See by Moving;http://www.cv-foundation.org/openaccess/content_iccv_2015/papers/Agrawal_Learning_to_See_ICCV_2015_paper.pdf
Object Detection Using Generalization and Efficiency Balanced Co-Occurrence Features;http://www.cv-foundation.org/openaccess/content_iccv_2015/papers/Ren_Object_Detection_Using_ICCV_2015_paper.pdf
Mining And-Or Graphs for Graph Matching and Object Discovery;http://www.cv-foundation.org/openaccess/content_iccv_2015/papers/Zhang_Mining_And-Or_Graphs_ICCV_2015_paper.pdf
Pose Induction for Novel Object Categories;http://www.cv-foundation.org/openaccess/content_iccv_2015/papers/Tulsiani_Pose_Induction_for_ICCV_2015_paper.pdf
Dynamic Texture Recognition via Orthogonal Tensor Dictionary Learning;http://www.cv-foundation.org/openaccess/content_iccv_2015/papers/Quan_Dynamic_Texture_Recognition_ICCV_2015_paper.pdf
Convolutional Channel Features;http://www.cv-foundation.org/openaccess/content_iccv_2015/papers/Yang_Convolutional_Channel_Features_ICCV_2015_paper.pdf
Local Convolutional Features With Unsupervised Training for Image Retrieval;http://www.cv-foundation.org/openaccess/content_iccv_2015/papers/Paulin_Local_Convolutional_Features_ICCV_2015_paper.pdf
RIDE: Reversal Invariant Descriptor Enhancement;http://www.cv-foundation.org/openaccess/content_iccv_2015/papers/Xie_RIDE_Reversal_Invariant_ICCV_2015_paper.pdf
Discrete Tabu Search for Graph Matching;http://www.cv-foundation.org/openaccess/content_iccv_2015/papers/Adamczewski_Discrete_Tabu_Search_ICCV_2015_paper.pdf
Discriminative Learning of Deep Convolutional Feature Point Descriptors;http://www.cv-foundation.org/openaccess/content_iccv_2015/papers/Simo-Serra_Discriminative_Learning_of_ICCV_2015_paper.pdf
Amodal Completion and Size Constancy in Natural Scenes;http://www.cv-foundation.org/openaccess/content_iccv_2015/papers/Kar_Amodal_Completion_and_ICCV_2015_paper.pdf
Learning Where to Position Parts in 3D;http://www.cv-foundation.org/openaccess/content_iccv_2015/papers/Pedersoli_Learning_Where_to_ICCV_2015_paper.pdf
Query Adaptive Similarity Measure for RGB-D Object Recognition;http://www.cv-foundation.org/openaccess/content_iccv_2015/papers/Cheng_Query_Adaptive_Similarity_ICCV_2015_paper.pdf
Listening With Your Eyes: Towards a Practical Visual Speech Recognition System Using Deep Boltzmann Machines;http://www.cv-foundation.org/openaccess/content_iccv_2015/papers/Sui_Listening_With_Your_ICCV_2015_paper.pdf
Cluster-Based Point Set Saliency;http://www.cv-foundation.org/openaccess/content_iccv_2015/papers/Tasse_Cluster-Based_Point_Set_ICCV_2015_paper.pdf
A Comprehensive Multi-Illuminant Dataset for Benchmarking of the Intrinsic Image Algorithms;http://www.cv-foundation.org/openaccess/content_iccv_2015/papers/Beigpour_A_Comprehensive_Multi-Illuminant_ICCV_2015_paper.pdf
PatchMatch-Based Automatic Lattice Detection for Near-Regular Textures;http://www.cv-foundation.org/openaccess/content_iccv_2015/papers/Liu_PatchMatch-Based_Automatic_Lattice_ICCV_2015_paper.pdf
A Data-Driven Metric for Comprehensive Evaluation of Saliency Models;http://www.cv-foundation.org/openaccess/content_iccv_2015/papers/Li_A_Data-Driven_Metric_ICCV_2015_paper.pdf
A Matrix Decomposition Perspective to Multiple Graph Matching;http://www.cv-foundation.org/openaccess/content_iccv_2015/papers/Yan_A_Matrix_Decomposition_ICCV_2015_paper.pdf
Fast and Effective L0 Gradient Minimization by Region Fusion;http://www.cv-foundation.org/openaccess/content_iccv_2015/papers/Nguyen_Fast_and_Effective_ICCV_2015_paper.pdf
Generic Promotion of Diffusion-Based Salient Object Detection;http://www.cv-foundation.org/openaccess/content_iccv_2015/papers/Jiang_Generic_Promotion_of_ICCV_2015_paper.pdf
Nighttime Haze Removal With Glow and Multiple Light Colors;http://www.cv-foundation.org/openaccess/content_iccv_2015/papers/Li_Nighttime_Haze_Removal_ICCV_2015_paper.pdf
Conformal and Low-Rank Sparse Representation for Image Restoration;http://www.cv-foundation.org/openaccess/content_iccv_2015/papers/Li_Conformal_and_Low-Rank_ICCV_2015_paper.pdf
Patch Group Based Nonlocal Self-Similarity Prior Learning for Image Denoising;http://www.cv-foundation.org/openaccess/content_iccv_2015/papers/Xu_Patch_Group_Based_ICCV_2015_paper.pdf
Automatic Thumbnail Generation Based on Visual Representativeness and Foreground Recognizability;http://www.cv-foundation.org/openaccess/content_iccv_2015/papers/Huang_Automatic_Thumbnail_Generation_ICCV_2015_paper.pdf
SALICON: Reducing the Semantic Gap in Saliency Prediction by Adapting Deep Neural Networks;http://www.cv-foundation.org/openaccess/content_iccv_2015/papers/Huang_SALICON_Reducing_the_ICCV_2015_paper.pdf
A Novel Sparsity Measure for Tensor Recovery;http://www.cv-foundation.org/openaccess/content_iccv_2015/papers/Zhao_A_Novel_Sparsity_ICCV_2015_paper.pdf
Oriented Object Proposals;http://www.cv-foundation.org/openaccess/content_iccv_2015/papers/He_Oriented_Object_Proposals_ICCV_2015_paper.pdf
Learning Nonlinear Spectral Filters for Color Image Reconstruction;http://www.cv-foundation.org/openaccess/content_iccv_2015/papers/Moeller_Learning_Nonlinear_Spectral_ICCV_2015_paper.pdf
Beyond White: Ground Truth Colors for Color Constancy Correction;http://www.cv-foundation.org/openaccess/content_iccv_2015/papers/Cheng_Beyond_White_Ground_ICCV_2015_paper.pdf
RGB-Guided Hyperspectral Image Upsampling;http://www.cv-foundation.org/openaccess/content_iccv_2015/papers/Kwon_RGB-Guided_Hyperspectral_Image_ICCV_2015_paper.pdf
Projection Onto the Manifold of Elongated Structures for Accurate Extraction;http://www.cv-foundation.org/openaccess/content_iccv_2015/papers/Sironi_Projection_Onto_the_ICCV_2015_paper.pdf
Naive Bayes Super-Resolution Forest;http://www.cv-foundation.org/openaccess/content_iccv_2015/papers/Salvador_Naive_Bayes_Super-Resolution_ICCV_2015_paper.pdf
POP Image Fusion - Derivative Domain Image Fusion Without Reintegration;http://www.cv-foundation.org/openaccess/content_iccv_2015/papers/Finlayson_POP_Image_Fusion_ICCV_2015_paper.pdf
Adaptive Spatial-Spectral Dictionary Learning for Hyperspectral Image Denoising;http://www.cv-foundation.org/openaccess/content_iccv_2015/papers/Fu_Adaptive_Spatial-Spectral_Dictionary_ICCV_2015_paper.pdf
Fully Connected Guided Image Filtering;http://www.cv-foundation.org/openaccess/content_iccv_2015/papers/Dai_Fully_Connected_Guided_ICCV_2015_paper.pdf
Segment Graph Based Image Filtering: Fast Structure-Preserving Smoothing;http://www.cv-foundation.org/openaccess/content_iccv_2015/papers/Zhang_Segment_Graph_Based_ICCV_2015_paper.pdf
Deep Networks for Image Super-Resolution With Sparse Prior;http://www.cv-foundation.org/openaccess/content_iccv_2015/papers/Wang_Deep_Networks_for_ICCV_2015_paper.pdf
Convolutional Color Constancy;http://www.cv-foundation.org/openaccess/content_iccv_2015/papers/Barron_Convolutional_Color_Constancy_ICCV_2015_paper.pdf
Learning Ordinal Relationships for Mid-Level Vision;http://www.cv-foundation.org/openaccess/content_iccv_2015/papers/Zoran_Learning_Ordinal_Relationships_ICCV_2015_paper.pdf
Thin Structure Estimation With Curvature Regularization;http://www.cv-foundation.org/openaccess/content_iccv_2015/papers/Marin_Thin_Structure_Estimation_ICCV_2015_paper.pdf
HARF: Hierarchy-Associated Rich Features for Salient Object Detection;http://www.cv-foundation.org/openaccess/content_iccv_2015/papers/Zou_HARF_Hierarchy-Associated_Rich_ICCV_2015_paper.pdf
Deep Colorization;http://www.cv-foundation.org/openaccess/content_iccv_2015/papers/Cheng_Deep_Colorization_ICCV_2015_paper.pdf
Image Matting With KL-Divergence Based Sparse Sampling;http://www.cv-foundation.org/openaccess/content_iccv_2015/papers/Karacan_Image_Matting_With_ICCV_2015_paper.pdf
Intrinsic Decomposition of Image Sequences From Local Temporal Variations;http://www.cv-foundation.org/openaccess/content_iccv_2015/papers/Laffont_Intrinsic_Decomposition_of_ICCV_2015_paper.pdf
Low-Rank Tensor Approximation With Laplacian Scale Mixture Modeling for Multiframe Image Denoising;http://www.cv-foundation.org/openaccess/content_iccv_2015/papers/Dong_Low-Rank_Tensor_Approximation_ICCV_2015_paper.pdf
Learning Parametric Distributions for Image Super-Resolution: Where Patch Matching Meets Sparse Coding;http://www.cv-foundation.org/openaccess/content_iccv_2015/papers/Li_Learning_Parametric_Distributions_ICCV_2015_paper.pdf
Improving Image Restoration With Soft-Rounding;http://www.cv-foundation.org/openaccess/content_iccv_2015/papers/Mei_Improving_Image_Restoration_ICCV_2015_paper.pdf
See the Difference: Direct Pre-Image Reconstruction and Pose Estimation by Differentiating HOG;http://www.cv-foundation.org/openaccess/content_iccv_2015/papers/Chiu_See_the_Difference_ICCV_2015_paper.pdf
An Efficient Statistical Method for Image Noise Level Estimation;http://www.cv-foundation.org/openaccess/content_iccv_2015/papers/Chen_An_Efficient_Statistical_ICCV_2015_paper.pdf
Contour Detection and Characterization for Asynchronous Event Sensors;http://www.cv-foundation.org/openaccess/content_iccv_2015/papers/Barranco_Contour_Detection_and_ICCV_2015_paper.pdf
Class-Specific Image Deblurring;http://www.cv-foundation.org/openaccess/content_iccv_2015/papers/Anwar_Class-Specific_Image_Deblurring_ICCV_2015_paper.pdf
High-for-Low and Low-for-High: Efficient Boundary Detection From Deep Object Features and its Applications to High-Level Vision;http://www.cv-foundation.org/openaccess/content_iccv_2015/papers/Bertasius_High-for-Low_and_Low-for-High_ICCV_2015_paper.pdf
Variational Depth Superresolution Using Example-Based Edge Representations;http://www.cv-foundation.org/openaccess/content_iccv_2015/papers/Ferstl_Variational_Depth_Superresolution_ICCV_2015_paper.pdf
Conditioned Regression Models for Non-Blind Single Image Super-Resolution;http://www.cv-foundation.org/openaccess/content_iccv_2015/papers/Riegler_Conditioned_Regression_Models_ICCV_2015_paper.pdf
Video Super-Resolution via Deep Draft-Ensemble Learning;http://www.cv-foundation.org/openaccess/content_iccv_2015/papers/Liao_Video_Super-Resolution_via_ICCV_2015_paper.pdf
Pan-Sharpening With a Hyper-Laplacian Penalty;http://www.cv-foundation.org/openaccess/content_iccv_2015/papers/Jiang_Pan-Sharpening_With_a_ICCV_2015_paper.pdf
Video Restoration Against Yin-Yang Phasing;http://www.cv-foundation.org/openaccess/content_iccv_2015/papers/Wu_Video_Restoration_Against_ICCV_2015_paper.pdf
Rolling Shutter Super-Resolution;http://www.cv-foundation.org/openaccess/content_iccv_2015/papers/Punnappurath_Rolling_Shutter_Super-Resolution_ICCV_2015_paper.pdf
Learning Large-Scale Automatic Image Colorization;http://www.cv-foundation.org/openaccess/content_iccv_2015/papers/Deshpande_Learning_Large-Scale_Automatic_ICCV_2015_paper.pdf
Compression Artifacts Reduction by a Deep Convolutional Network;http://www.cv-foundation.org/openaccess/content_iccv_2015/papers/Dong_Compression_Artifacts_Reduction_ICCV_2015_paper.pdf
Multiple-Hypothesis Affine Region Estimation With Anisotropic LoG Filters;http://www.cv-foundation.org/openaccess/content_iccv_2015/papers/Hasegawa_Multiple-Hypothesis_Affine_Region_ICCV_2015_paper.pdf
A Self-Paced Multiple-Instance Learning Framework for Co-Saliency Detection;http://www.cv-foundation.org/openaccess/content_iccv_2015/papers/Zhang_A_Self-Paced_Multiple-Instance_ICCV_2015_paper.pdf
External Patch Prior Guided Internal Clustering for Image Denoising;http://www.cv-foundation.org/openaccess/content_iccv_2015/papers/Chen_External_Patch_Prior_ICCV_2015_paper.pdf
Self-Calibration of Optical Lenses;http://www.cv-foundation.org/openaccess/content_iccv_2015/papers/Hirsch_Self-Calibration_of_Optical_ICCV_2015_paper.pdf
Illumination Robust Color Naming via Label Propagation;http://www.cv-foundation.org/openaccess/content_iccv_2015/papers/liu_Illumination_Robust_Color_ICCV_2015_paper.pdf
Unsupervised Cross-Modal Synthesis of Subject-Specific Scans;http://www.cv-foundation.org/openaccess/content_iccv_2015/papers/Vemulapalli_Unsupervised_Cross-Modal_Synthesis_ICCV_2015_paper.pdf
Learning to Boost Filamentary Structure Segmentation;http://www.cv-foundation.org/openaccess/content_iccv_2015/papers/Gu_Learning_to_Boost_ICCV_2015_paper.pdf
Weakly-Supervised Structured Output Learning With Flexible and Latent Graphs Using High-Order Loss Functions;http://www.cv-foundation.org/openaccess/content_iccv_2015/papers/Carneiro_Weakly-Supervised_Structured_Output_ICCV_2015_paper.pdf
Efficient Classifier Training to Minimize False Merges in Electron Microscopy Segmentation;http://www.cv-foundation.org/openaccess/content_iccv_2015/papers/Parag_Efficient_Classifier_Training_ICCV_2015_paper.pdf
On Statistical Analysis of Neuroimages With Imperfect Registration;http://www.cv-foundation.org/openaccess/content_iccv_2015/papers/Kim_On_Statistical_Analysis_ICCV_2015_paper.pdf
Convex Optimization With Abstract Linear Operators;http://www.cv-foundation.org/openaccess/content_iccv_2015/papers/Diamond_Convex_Optimization_With_ICCV_2015_paper.pdf
Building Dynamic Cloud Maps From the Ground Up;http://www.cv-foundation.org/openaccess/content_iccv_2015/papers/Murdock_Building_Dynamic_Cloud_ICCV_2015_paper.pdf
A Versatile Learning-Based 3D Temporal Tracker: Scalable, Robust, Online;http://www.cv-foundation.org/openaccess/content_iccv_2015/papers/Tan_A_Versatile_Learning-Based_ICCV_2015_paper.pdf
Realtime Edge-Based Visual Odometry for a Monocular Camera;http://www.cv-foundation.org/openaccess/content_iccv_2015/papers/Tarrio_Realtime_Edge-Based_Visual_ICCV_2015_paper.pdf
Fill and Transfer: A Simple Physics-Based Approach for Containability Reasoning;http://www.cv-foundation.org/openaccess/content_iccv_2015/papers/Yu_Fill_and_Transfer_ICCV_2015_paper.pdf
On Linear Structure From Motion for Light Field Cameras;http://www.cv-foundation.org/openaccess/content_iccv_2015/papers/Johannsen_On_Linear_Structure_ICCV_2015_paper.pdf
3D Object Reconstruction From Hand-Object Interactions;http://www.cv-foundation.org/openaccess/content_iccv_2015/papers/Tzionas_3D_Object_Reconstruction_ICCV_2015_paper.pdf
Minimal Solvers for 3D Geometry From Satellite Imagery;http://www.cv-foundation.org/openaccess/content_iccv_2015/papers/Zheng_Minimal_Solvers_for_ICCV_2015_paper.pdf
An Efficient Minimal Solution for Multi-Camera Motion;http://www.cv-foundation.org/openaccess/content_iccv_2015/papers/Ventura_An_Efficient_Minimal_ICCV_2015_paper.pdf
Learning Shape, Motion and Elastic Models in Force Space;http://www.cv-foundation.org/openaccess/content_iccv_2015/papers/Agudo_Learning_Shape_Motion_ICCV_2015_paper.pdf
A Versatile Scene Model With Differentiable Visibility Applied to Generative Pose Estimation;http://www.cv-foundation.org/openaccess/content_iccv_2015/papers/Rhodin_A_Versatile_Scene_ICCV_2015_paper.pdf
Semantic Pose Using Deep Networks Trained on Synthetic RGB-D;http://www.cv-foundation.org/openaccess/content_iccv_2015/papers/Papon_Semantic_Pose_Using_ICCV_2015_paper.pdf
Exploiting High Level Scene Cues in Stereo Reconstruction;http://www.cv-foundation.org/openaccess/content_iccv_2015/papers/Hadfield_Exploiting_High_Level_ICCV_2015_paper.pdf
Point Triangulation Through Polyhedron Collapse Using the lâˆž Norm;http://www.cv-foundation.org/openaccess/content_iccv_2015/papers/Donne_Point_Triangulation_Through_ICCV_2015_paper.pdf
Optimizing the Viewing Graph for Structure-From-Motion;http://www.cv-foundation.org/openaccess/content_iccv_2015/papers/Sweeney_Optimizing_the_Viewing_ICCV_2015_paper.pdf
Intrinsic Scene Decomposition From RGB-D images;http://www.cv-foundation.org/openaccess/content_iccv_2015/papers/Hachama_Intrinsic_Scene_Decomposition_ICCV_2015_paper.pdf
3D Hand Pose Estimation Using Randomized Decision Forest With Segmentation Index Points;http://www.cv-foundation.org/openaccess/content_iccv_2015/papers/Li_3D_Hand_Pose_ICCV_2015_paper.pdf
Accurate Camera Calibration Robust to Defocus Using a Smartphone;http://www.cv-foundation.org/openaccess/content_iccv_2015/papers/Ha_Accurate_Camera_Calibration_ICCV_2015_paper.pdf
High Quality Structure From Small Motion for Rolling Shutter Cameras;http://www.cv-foundation.org/openaccess/content_iccv_2015/papers/Im_High_Quality_Structure_ICCV_2015_paper.pdf
Photogeometric Scene Flow for High-Detail Dynamic 3D Reconstruction;http://www.cv-foundation.org/openaccess/content_iccv_2015/papers/Gotardo_Photogeometric_Scene_Flow_ICCV_2015_paper.pdf
Blur-Aware Disparity Estimation From Defocus Stereo Images;http://www.cv-foundation.org/openaccess/content_iccv_2015/papers/Chen_Blur-Aware_Disparity_Estimation_ICCV_2015_paper.pdf
Global Structure-From-Motion by Similarity Averaging;http://www.cv-foundation.org/openaccess/content_iccv_2015/papers/Cui_Global_Structure-From-Motion_by_ICCV_2015_paper.pdf
Massively Parallel Multiview Stereopsis by Surface Normal Diffusion;http://www.cv-foundation.org/openaccess/content_iccv_2015/papers/Galliani_Massively_Parallel_Multiview_ICCV_2015_paper.pdf
Variational PatchMatch MultiView Reconstruction and Refinement;http://www.cv-foundation.org/openaccess/content_iccv_2015/papers/Heise_Variational_PatchMatch_MultiView_ICCV_2015_paper.pdf
As-Rigid-As-Possible Volumetric Shape-From-Template;http://www.cv-foundation.org/openaccess/content_iccv_2015/papers/Parashar_As-Rigid-As-Possible_Volumetric_Shape-From-Template_ICCV_2015_paper.pdf
General Dynamic Scene Reconstruction From Multiple View Video;http://www.cv-foundation.org/openaccess/content_iccv_2015/papers/Mustafa_General_Dynamic_Scene_ICCV_2015_paper.pdf
The Joint Image Handbook;http://www.cv-foundation.org/openaccess/content_iccv_2015/papers/Trager_The_Joint_Image_ICCV_2015_paper.pdf
Direct, Dense, and Deformable: Template-Based Non-Rigid 3D Reconstruction From RGB Video;http://www.cv-foundation.org/openaccess/content_iccv_2015/papers/Yu_Direct_Dense_and_ICCV_2015_paper.pdf
Single Image Pop-Up From Discriminatively Learned Parts;http://www.cv-foundation.org/openaccess/content_iccv_2015/papers/Zhu_Single_Image_Pop-Up_ICCV_2015_paper.pdf
Learning Informative Edge Maps for Indoor Scene Layout Prediction;http://www.cv-foundation.org/openaccess/content_iccv_2015/papers/Mallya_Learning_Informative_Edge_ICCV_2015_paper.pdf
Multi-View Convolutional Neural Networks for 3D Shape Recognition;http://www.cv-foundation.org/openaccess/content_iccv_2015/papers/Su_Multi-View_Convolutional_Neural_ICCV_2015_paper.pdf
Learning Analysis-by-Synthesis for 6D Pose Estimation in RGB-D Images;http://www.cv-foundation.org/openaccess/content_iccv_2015/papers/Krull_Learning_Analysis-by-Synthesis_for_ICCV_2015_paper.pdf
3D Surface Profilometry Using Phase Shifting of De Bruijn Pattern;http://www.cv-foundation.org/openaccess/content_iccv_2015/papers/Donlic_3D_Surface_Profilometry_ICCV_2015_paper.pdf
A Deep Visual Correspondence Embedding Model for Stereo Matching Costs;http://www.cv-foundation.org/openaccess/content_iccv_2015/papers/Chen_A_Deep_Visual_ICCV_2015_paper.pdf
Learning Concept Embeddings With Combined Human-Machine Expertise;http://www.cv-foundation.org/openaccess/content_iccv_2015/papers/Wilber_Learning_Concept_Embeddings_ICCV_2015_paper.pdf
Deep Multi-Patch Aggregation Network for Image Style, Aesthetics, and Quality Estimation;http://www.cv-foundation.org/openaccess/content_iccv_2015/papers/Lu_Deep_Multi-Patch_Aggregation_ICCV_2015_paper.pdf
Towards Computational Baby Learning: A Weakly-Supervised Approach for Object Detection;http://www.cv-foundation.org/openaccess/content_iccv_2015/papers/Liang_Towards_Computational_Baby_ICCV_2015_paper.pdf
Improving Image Classification With Location Context;http://www.cv-foundation.org/openaccess/content_iccv_2015/papers/Tang_Improving_Image_Classification_ICCV_2015_paper.pdf
HICO: A Benchmark for Recognizing Human-Object Interactions in Images;http://www.cv-foundation.org/openaccess/content_iccv_2015/papers/Chao_HICO_A_Benchmark_ICCV_2015_paper.pdf
Delving Deep into Rectifiers: Surpassing Human-Level Performance on ImageNet Classification;http://www.cv-foundation.org/openaccess/content_iccv_2015/papers/He_Delving_Deep_into_ICCV_2015_paper.pdf
Continuous Pose Estimation With a Spatial Ensemble of Fisher Regressors;http://www.cv-foundation.org/openaccess/content_iccv_2015/papers/Fenzi_Continuous_Pose_Estimation_ICCV_2015_paper.pdf
Adaptive Hashing for Fast Similarity Search;http://www.cv-foundation.org/openaccess/content_iccv_2015/papers/Cakir_Adaptive_Hashing_for_ICCV_2015_paper.pdf
Single Image 3D Without a Single 3D Image;http://www.cv-foundation.org/openaccess/content_iccv_2015/papers/Fouhey_Single_Image_3D_ICCV_2015_paper.pdf
Cross-Domain Image Retrieval With a Dual Attribute-Aware Ranking Network;http://www.cv-foundation.org/openaccess/content_iccv_2015/papers/Huang_Cross-Domain_Image_Retrieval_ICCV_2015_paper.pdf
Attribute-Graph: A Graph Based Approach to Image Ranking;http://www.cv-foundation.org/openaccess/content_iccv_2015/papers/Prabhu_Attribute-Graph_A_Graph_ICCV_2015_paper.pdf
Contextual Action Recognition With R*CNN;http://www.cv-foundation.org/openaccess/content_iccv_2015/papers/Gkioxari_Contextual_Action_Recognition_ICCV_2015_paper.pdf
What Makes an Object Memorable?;http://www.cv-foundation.org/openaccess/content_iccv_2015/papers/Dubey_What_Makes_an_ICCV_2015_paper.pdf
kNN Hashing With Factorized Neighborhood Representation;http://www.cv-foundation.org/openaccess/content_iccv_2015/papers/Ding_kNN_Hashing_With_ICCV_2015_paper.pdf
Multi-View Complementary Hash Tables for Nearest Neighbor Search;http://www.cv-foundation.org/openaccess/content_iccv_2015/papers/Liu_Multi-View_Complementary_Hash_ICCV_2015_paper.pdf
Scalable Person Re-Identification: A Benchmark;http://www.cv-foundation.org/openaccess/content_iccv_2015/papers/Zheng_Scalable_Person_Re-Identification_ICCV_2015_paper.pdf
MMSS: Multi-Modal Sharable and Specific Feature Learning for RGB-D Object Recognition;http://www.cv-foundation.org/openaccess/content_iccv_2015/papers/Wang_MMSS_Multi-Modal_Sharable_ICCV_2015_paper.pdf
Object Detection via a Multi-Region and Semantic Segmentation-Aware CNN Model;http://www.cv-foundation.org/openaccess/content_iccv_2015/papers/Gidaris_Object_Detection_via_ICCV_2015_paper.pdf
Neural Activation Constellations: Unsupervised Part Model Discovery With Convolutional Networks;http://www.cv-foundation.org/openaccess/content_iccv_2015/papers/Simon_Neural_Activation_Constellations_ICCV_2015_paper.pdf
Cascaded Sparse Spatial Bins for Efficient and Effective Generic Object Detection;http://www.cv-foundation.org/openaccess/content_iccv_2015/papers/Novotny_Cascaded_Sparse_Spatial_ICCV_2015_paper.pdf
Probabilistic Label Relation Graphs With Ising Models;http://www.cv-foundation.org/openaccess/content_iccv_2015/papers/Ding_Probabilistic_Label_Relation_ICCV_2015_paper.pdf
Predicting Good Features for Image Geo-Localization Using Per-Bundle VLAD;http://www.cv-foundation.org/openaccess/content_iccv_2015/papers/Kim_Predicting_Good_Features_ICCV_2015_paper.pdf
Task-Driven Feature Pooling for Image Classification;http://www.cv-foundation.org/openaccess/content_iccv_2015/papers/Xie_Task-Driven_Feature_Pooling_ICCV_2015_paper.pdf
Cutting Edge: Soft Correspondences in Multimodal Scene Parsing;http://www.cv-foundation.org/openaccess/content_iccv_2015/papers/Namin_Cutting_Edge_Soft_ICCV_2015_paper.pdf
One Shot Learning via Compositions of Meaningful Patches;http://www.cv-foundation.org/openaccess/content_iccv_2015/papers/Wong_One_Shot_Learning_ICCV_2015_paper.pdf
FASText: Efficient Unconstrained Scene Text Detector;http://www.cv-foundation.org/openaccess/content_iccv_2015/papers/Busta_FASText_Efficient_Unconstrained_ICCV_2015_paper.pdf
Multi-Scale Recognition With DAG-CNNs;http://www.cv-foundation.org/openaccess/content_iccv_2015/papers/Yang_Multi-Scale_Recognition_With_ICCV_2015_paper.pdf
Relaxed Multiple-Instance SVM With Application to Object Discovery;http://www.cv-foundation.org/openaccess/content_iccv_2015/papers/Wang_Relaxed_Multiple-Instance_SVM_ICCV_2015_paper.pdf
Im2Calories: Towards an Automated Mobile Vision Food Diary;http://www.cv-foundation.org/openaccess/content_iccv_2015/papers/Meyers_Im2Calories_Towards_an_ICCV_2015_paper.pdf
LEWIS: Latent Embeddings for Word Images and their Semantics;http://www.cv-foundation.org/openaccess/content_iccv_2015/papers/Gordo_LEWIS_Latent_Embeddings_ICCV_2015_paper.pdf
Per-Sample Kernel Adaptation for Visual Recognition and Grouping;http://www.cv-foundation.org/openaccess/content_iccv_2015/papers/Antic_Per-Sample_Kernel_Adaptation_ICCV_2015_paper.pdf
Fine-Grained Change Detection of Misaligned Scenes With Varied Illuminations;http://www.cv-foundation.org/openaccess/content_iccv_2015/papers/Feng_Fine-Grained_Change_Detection_ICCV_2015_paper.pdf
Aggregating Local Deep Features for Image Retrieval;http://www.cv-foundation.org/openaccess/content_iccv_2015/papers/Babenko_Aggregating_Local_Deep_ICCV_2015_paper.pdf
Learning Deep Object Detectors From 3D Models;http://www.cv-foundation.org/openaccess/content_iccv_2015/papers/Peng_Learning_Deep_Object_ICCV_2015_paper.pdf
Harvesting Discriminative Meta Objects With Deep CNN Features for Scene Classification;http://www.cv-foundation.org/openaccess/content_iccv_2015/papers/Wu_Harvesting_Discriminative_Meta_ICCV_2015_paper.pdf
Scalable Nonlinear Embeddings for Semantic Category-Based Image Retrieval;http://www.cv-foundation.org/openaccess/content_iccv_2015/papers/Sharma_Scalable_Nonlinear_Embeddings_ICCV_2015_paper.pdf
Person Re-Identification Ranking Optimisation by Discriminant Context Information Analysis;http://www.cv-foundation.org/openaccess/content_iccv_2015/papers/Garcia_Person_Re-Identification_Ranking_ICCV_2015_paper.pdf
Unsupervised Generation of a Viewpoint Annotated Car Dataset From Videos;http://www.cv-foundation.org/openaccess/content_iccv_2015/papers/Sedaghat_Unsupervised_Generation_of_ICCV_2015_paper.pdf
Structured Indoor Modeling;http://www.cv-foundation.org/openaccess/content_iccv_2015/papers/Ikehata_Structured_Indoor_Modeling_ICCV_2015_paper.pdf
3D Time-Lapse Reconstruction From Internet Photos;http://www.cv-foundation.org/openaccess/content_iccv_2015/papers/Martin-Brualla_3D_Time-Lapse_Reconstruction_ICCV_2015_paper.pdf
Global, Dense Multiscale Reconstruction for a Billion Points;http://www.cv-foundation.org/openaccess/content_iccv_2015/papers/Ummenhofer_Global_Dense_Multiscale_ICCV_2015_paper.pdf
On the Visibility of Point Clouds;http://www.cv-foundation.org/openaccess/content_iccv_2015/papers/Katz_On_the_Visibility_ICCV_2015_paper.pdf
Weakly Supervised Graph Based Semantic Segmentation by Learning Communities of Image-Parts;http://www.cv-foundation.org/openaccess/content_iccv_2015/papers/Pourian_Weakly_Supervised_Graph_ICCV_2015_paper.pdf
Piecewise Flat Embedding for Image Segmentation;http://www.cv-foundation.org/openaccess/content_iccv_2015/papers/Yu_Piecewise_Flat_Embedding_ICCV_2015_paper.pdf
Semantic Image Segmentation via Deep Parsing Network;http://www.cv-foundation.org/openaccess/content_iccv_2015/papers/Liu_Semantic_Image_Segmentation_ICCV_2015_paper.pdf
Human Parsing With Contextualized Convolutional Neural Network;http://www.cv-foundation.org/openaccess/content_iccv_2015/papers/Liang_Human_Parsing_With_ICCV_2015_paper.pdf
Holistically-Nested Edge Detection;http://www.cv-foundation.org/openaccess/content_iccv_2015/papers/Xie_Holistically-Nested_Edge_Detection_ICCV_2015_paper.pdf
Minimum Barrier Salient Object Detection at 80 FPS;http://www.cv-foundation.org/openaccess/content_iccv_2015/papers/Zhang_Minimum_Barrier_Salient_ICCV_2015_paper.pdf
Learning Image Representations Tied to Ego-Motion;http://www.cv-foundation.org/openaccess/content_iccv_2015/papers/Jayaraman_Learning_Image_Representations_ICCV_2015_paper.pdf
Unsupervised Visual Representation Learning by Context Prediction;http://www.cv-foundation.org/openaccess/content_iccv_2015/papers/Doersch_Unsupervised_Visual_Representation_ICCV_2015_paper.pdf
Webly Supervised Learning of Convolutional Networks;http://www.cv-foundation.org/openaccess/content_iccv_2015/papers/Chen_Webly_Supervised_Learning_ICCV_2015_paper.pdf
Fast R-CNN;http://www.cv-foundation.org/openaccess/content_iccv_2015/papers/Girshick_Fast_R-CNN_ICCV_2015_paper.pdf
Bilinear CNN Models for Fine-Grained Visual Recognition;http://www.cv-foundation.org/openaccess/content_iccv_2015/papers/Lin_Bilinear_CNN_Models_ICCV_2015_paper.pdf
Discovering the Spatial Extent of Relative Attributes;http://www.cv-foundation.org/openaccess/content_iccv_2015/papers/Xiao_Discovering_the_Spatial_ICCV_2015_paper.pdf
Deep Neural Decision Forests;http://www.cv-foundation.org/openaccess/content_iccv_2015/papers/Kontschieder_Deep_Neural_Decision_ICCV_2015_paper.pdf
Deep Fried Convnets;http://www.cv-foundation.org/openaccess/content_iccv_2015/papers/Yang_Deep_Fried_Convnets_ICCV_2015_paper.pdf
Semantic Component Analysis;http://www.cv-foundation.org/openaccess/content_iccv_2015/papers/Murdock_Semantic_Component_Analysis_ICCV_2015_paper.pdf
Low-Rank Matrix Factorization Under General Mixture Noise Distributions;http://www.cv-foundation.org/openaccess/content_iccv_2015/papers/Cao_Low-Rank_Matrix_Factorization_ICCV_2015_paper.pdf
Web-Scale Image Clustering Revisited;http://www.cv-foundation.org/openaccess/content_iccv_2015/papers/Avrithis_Web-Scale_Image_Clustering_ICCV_2015_paper.pdf
Learning Discriminative Reconstructions for Unsupervised Outlier Removal;http://www.cv-foundation.org/openaccess/content_iccv_2015/papers/Xia_Learning_Discriminative_Reconstructions_ICCV_2015_paper.pdf
Learning Deconvolution Network for Semantic Segmentation;http://www.cv-foundation.org/openaccess/content_iccv_2015/papers/Noh_Learning_Deconvolution_Network_ICCV_2015_paper.pdf
Conditional Random Fields as Recurrent Neural Networks;http://www.cv-foundation.org/openaccess/content_iccv_2015/papers/Zheng_Conditional_Random_Fields_ICCV_2015_paper.pdf
The One Triangle Three Parallelograms Sampling Strategy and Its Application in Shape Regression;http://www.cv-foundation.org/openaccess/content_iccv_2015/papers/Nilsson_The_One_Triangle_ICCV_2015_paper.pdf
Boosting Object Proposals: From Pascal to COCO;http://www.cv-foundation.org/openaccess/content_iccv_2015/papers/Pont-Tuset_Boosting_Object_Proposals_ICCV_2015_paper.pdf
Secrets of GrabCut and Kernel K-Means;http://www.cv-foundation.org/openaccess/content_iccv_2015/papers/Tang_Secrets_of_GrabCut_ICCV_2015_paper.pdf
Video Matting via Sparse and Low-Rank Representation;http://www.cv-foundation.org/openaccess/content_iccv_2015/papers/Zou_Video_Matting_via_ICCV_2015_paper.pdf
Joint Object and Part Segmentation Using Deep Learned Potentials;http://www.cv-foundation.org/openaccess/content_iccv_2015/papers/Wang_Joint_Object_and_ICCV_2015_paper.pdf
Low-Rank Tensor Constrained Multiview Subspace Clustering;http://www.cv-foundation.org/openaccess/content_iccv_2015/papers/Zhang_Low-Rank_Tensor_Constrained_ICCV_2015_paper.pdf
BodyPrint: Pose Invariant 3D Shape Matching of Human Bodies;http://www.cv-foundation.org/openaccess/content_iccv_2015/papers/Wang_BodyPrint_Pose_Invariant_ICCV_2015_paper.pdf
The Middle Child Problem: Revisiting Parametric Min-Cut and Seeds for Object Proposals;http://www.cv-foundation.org/openaccess/content_iccv_2015/papers/Humayun_The_Middle_Child_ICCV_2015_paper.pdf
Contour Guided Hierarchical Model for Shape Matching;http://www.cv-foundation.org/openaccess/content_iccv_2015/papers/Su_Contour_Guided_Hierarchical_ICCV_2015_paper.pdf
Robust Image Segmentation Using Contour-Guided Color Palettes;http://www.cv-foundation.org/openaccess/content_iccv_2015/papers/Fu_Robust_Image_Segmentation_ICCV_2015_paper.pdf
Joint Optimization of Segmentation and Color Clustering;http://www.cv-foundation.org/openaccess/content_iccv_2015/papers/Lobacheva_Joint_Optimization_of_ICCV_2015_paper.pdf
BoxSup: Exploiting Bounding Boxes to Supervise Convolutional Networks for Semantic Segmentation;http://www.cv-foundation.org/openaccess/content_iccv_2015/papers/Dai_BoxSup_Exploiting_Bounding_ICCV_2015_paper.pdf
Detection and Segmentation of 2D Curved Reflection Symmetric Structures;http://www.cv-foundation.org/openaccess/content_iccv_2015/papers/Teo_Detection_and_Segmentation_ICCV_2015_paper.pdf
Unsupervised Tube Extraction Using Transductive Learning and Dense Trajectories;http://www.cv-foundation.org/openaccess/content_iccv_2015/papers/Puscas_Unsupervised_Tube_Extraction_ICCV_2015_paper.pdf
Compositional Hierarchical Representation of Shape Manifolds for Classification of Non-Manifold Shapes;http://www.cv-foundation.org/openaccess/content_iccv_2015/papers/Ozay_Compositional_Hierarchical_Representation_ICCV_2015_paper.pdf
Shell PCA: Statistical Shape Modelling in Shell Space;http://www.cv-foundation.org/openaccess/content_iccv_2015/papers/Zhang_Shell_PCA_Statistical_ICCV_2015_paper.pdf
Learning to Combine Mid-Level Cues for Object Proposal Generation;http://www.cv-foundation.org/openaccess/content_iccv_2015/papers/Lee_Learning_to_Combine_ICCV_2015_paper.pdf
Enhancing Road Maps by Parsing Aerial Images Around the World;http://www.cv-foundation.org/openaccess/content_iccv_2015/papers/Mattyus_Enhancing_Road_Maps_ICCV_2015_paper.pdf
Probabilistic Appearance Models for Segmentation and Classification;http://www.cv-foundation.org/openaccess/content_iccv_2015/papers/Kruger_Probabilistic_Appearance_Models_ICCV_2015_paper.pdf
A Randomized Ensemble Approach to Industrial CT Segmentation;http://www.cv-foundation.org/openaccess/content_iccv_2015/papers/Kim_A_Randomized_Ensemble_ICCV_2015_paper.pdf
Semi-Supervised Normalized Cuts for Image Segmentation;http://www.cv-foundation.org/openaccess/content_iccv_2015/papers/Chew_Semi-Supervised_Normalized_Cuts_ICCV_2015_paper.pdf
StereoSnakes: Contour Based Consistent Object Extraction For Stereo Images;http://www.cv-foundation.org/openaccess/content_iccv_2015/papers/Ju_StereoSnakes_Contour_Based_ICCV_2015_paper.pdf
Semantic Segmentation of RGBD Images With Mutex Constraints;http://www.cv-foundation.org/openaccess/content_iccv_2015/papers/Deng_Semantic_Segmentation_of_ICCV_2015_paper.pdf
Weakly- and Semi-Supervised Learning of a Deep Convolutional Network for Semantic Image Segmentation;http://www.cv-foundation.org/openaccess/content_iccv_2015/papers/Papandreou_Weakly-_and_Semi-Supervised_ICCV_2015_paper.pdf
Efficient Decomposition of Image and Mesh Graphs by Lifted Multicuts;http://www.cv-foundation.org/openaccess/content_iccv_2015/papers/Keuper_Efficient_Decomposition_of_ICCV_2015_paper.pdf
Parsimonious Labeling;http://www.cv-foundation.org/openaccess/content_iccv_2015/papers/Dokania_Parsimonious_Labeling_ICCV_2015_paper.pdf
Volumetric Bias in Segmentation and Reconstruction: Secrets and Solutions;http://www.cv-foundation.org/openaccess/content_iccv_2015/papers/Boykov_Volumetric_Bias_in_ICCV_2015_paper.pdf
Entropy Minimization for Convex Relaxation Approaches;http://www.cv-foundation.org/openaccess/content_iccv_2015/papers/Souiai_Entropy_Minimization_for_ICCV_2015_paper.pdf
Adaptively Unified Semi-Supervised Dictionary Learning With Active Points;http://www.cv-foundation.org/openaccess/content_iccv_2015/papers/Wang_Adaptively_Unified_Semi-Supervised_ICCV_2015_paper.pdf
Constrained Convolutional Neural Networks for Weakly Supervised Segmentation;http://www.cv-foundation.org/openaccess/content_iccv_2015/papers/Pathak_Constrained_Convolutional_Neural_ICCV_2015_paper.pdf
A Multiscale Variable-Grouping Framework for MRF Energy Minimization;http://www.cv-foundation.org/openaccess/content_iccv_2015/papers/Meir_A_Multiscale_Variable-Grouping_ICCV_2015_paper.pdf
Inferring M-Best Diverse Labelings in a Single One;http://www.cv-foundation.org/openaccess/content_iccv_2015/papers/Kirillov_Inferring_M-Best_Diverse_ICCV_2015_paper.pdf
Convolutional Sparse Coding for Image Super-Resolution;http://www.cv-foundation.org/openaccess/content_iccv_2015/papers/Gu_Convolutional_Sparse_Coding_ICCV_2015_paper.pdf
A Wavefront Marching Method for Solving the Eikonal Equation on Cartesian Grids;http://www.cv-foundation.org/openaccess/content_iccv_2015/papers/Cancela_A_Wavefront_Marching_ICCV_2015_paper.pdf
A Projection Free Method for Generalized Eigenvalue Problem With a Nonsmooth Regularizer;http://www.cv-foundation.org/openaccess/content_iccv_2015/papers/Hwang_A_Projection_Free_ICCV_2015_paper.pdf
Optimizing Expected Intersection-Over-Union With Candidate-Constrained CRFs;http://www.cv-foundation.org/openaccess/content_iccv_2015/papers/Ahmed_Optimizing_Expected_Intersection-Over-Union_ICCV_2015_paper.pdf
Higher-Order Inference for Multi-Class Log-Supermodular Models;http://www.cv-foundation.org/openaccess/content_iccv_2015/papers/Zhang_Higher-Order_Inference_for_ICCV_2015_paper.pdf
Depth-Based Hand Pose Estimation: Data, Methods, and Challenges;http://www.cv-foundation.org/openaccess/content_iccv_2015/papers/Supancic_Depth-Based_Hand_Pose_ICCV_2015_paper.pdf
Adaptive Dither Voting for Robust Spatial Verification;http://www.cv-foundation.org/openaccess/content_iccv_2015/papers/Wu_Adaptive_Dither_Voting_ICCV_2015_paper.pdf
Alternating Co-Quantization for Cross-Modal Hashing;http://www.cv-foundation.org/openaccess/content_iccv_2015/papers/Irie_Alternating_Co-Quantization_for_ICCV_2015_paper.pdf
Learning Deep Representation With Large-Scale Attributes;http://www.cv-foundation.org/openaccess/content_iccv_2015/papers/Ouyang_Learning_Deep_Representation_ICCV_2015_paper.pdf
Deep Learning Strong Parts for Pedestrian Detection;http://www.cv-foundation.org/openaccess/content_iccv_2015/papers/Tian_Deep_Learning_Strong_ICCV_2015_paper.pdf
Flowing ConvNets for Human Pose Estimation in Videos;http://www.cv-foundation.org/openaccess/content_iccv_2015/papers/Pfister_Flowing_ConvNets_for_ICCV_2015_paper.pdf
Top Rank Supervised Binary Coding for Visual Search;http://www.cv-foundation.org/openaccess/content_iccv_2015/papers/Song_Top_Rank_Supervised_ICCV_2015_paper.pdf
BubbLeNet: Foveated Imaging for Visual Discovery;http://www.cv-foundation.org/openaccess/content_iccv_2015/papers/Matzen_BubbLeNet_Foveated_Imaging_ICCV_2015_paper.pdf
PQTable: Fast Exact Asymmetric Distance Neighbor Search for Product Quantization Using Hash Tables;http://www.cv-foundation.org/openaccess/content_iccv_2015/papers/Matsui_PQTable_Fast_Exact_ICCV_2015_paper.pdf
Lending A Hand: Detecting Hands and Recognizing Activities in Complex Egocentric Interactions;http://www.cv-foundation.org/openaccess/content_iccv_2015/papers/Bambach_Lending_A_Hand_ICCV_2015_paper.pdf
Fast and Accurate Head Pose Estimation via Random Projection Forests;http://www.cv-foundation.org/openaccess/content_iccv_2015/papers/Lee_Fast_and_Accurate_ICCV_2015_paper.pdf
An MRF-Poselets Model for Detecting Highly Articulated Humans;http://www.cv-foundation.org/openaccess/content_iccv_2015/papers/Nguyen_An_MRF-Poselets_Model_ICCV_2015_paper.pdf
Beyond Tree Structure Models: A New Occlusion Aware Graphical Model for Human Pose Estimation;http://www.cv-foundation.org/openaccess/content_iccv_2015/papers/Fu_Beyond_Tree_Structure_ICCV_2015_paper.pdf
Relaxing From Vocabulary: Robust Weakly-Supervised Deep Learning for Vocabulary-Free Image Tagging;http://www.cv-foundation.org/openaccess/content_iccv_2015/papers/Fu_Relaxing_From_Vocabulary_ICCV_2015_paper.pdf
Visual Phrases for Exemplar Face Detection;http://www.cv-foundation.org/openaccess/content_iccv_2015/papers/Kumar_Visual_Phrases_for_ICCV_2015_paper.pdf
Spatial Semantic Regularisation for Large Scale Object Detection;http://www.cv-foundation.org/openaccess/content_iccv_2015/papers/Mrowca_Spatial_Semantic_Regularisation_ICCV_2015_paper.pdf
Human Pose Estimation in Videos;http://www.cv-foundation.org/openaccess/content_iccv_2015/papers/Zhang_Human_Pose_Estimation_ICCV_2015_paper.pdf
Contour Box: Rejecting Object Proposals Without Explicit Closed Contours;http://www.cv-foundation.org/openaccess/content_iccv_2015/papers/Lu_Contour_Box_Rejecting_ICCV_2015_paper.pdf
Registering Images to Untextured Geometry Using Average Shading Gradients;http://www.cv-foundation.org/openaccess/content_iccv_2015/papers/Plotz_Registering_Images_to_ICCV_2015_paper.pdf
Robust Nonrigid Registration by Convex Optimization;http://www.cv-foundation.org/openaccess/content_iccv_2015/papers/Chen_Robust_Nonrigid_Registration_ICCV_2015_paper.pdf
Robust and Optimal Sum-of-Squares-Based Point-to-Plane Registration of Image Sets and Structured Scenes;http://www.cv-foundation.org/openaccess/content_iccv_2015/papers/Paudel_Robust_and_Optimal_ICCV_2015_paper.pdf
MeshStereo: A Global Stereo Model With Mesh Alignment Regularization for View Interpolation;http://www.cv-foundation.org/openaccess/content_iccv_2015/papers/Zhang_MeshStereo_A_Global_ICCV_2015_paper.pdf
CV-HAZOP: Introducing Test Data Validation for Computer Vision;http://www.cv-foundation.org/openaccess/content_iccv_2015/papers/Zendel_CV-HAZOP_Introducing_Test_ICCV_2015_paper.pdf
Structure From Motion Using Structure-Less Resection;http://www.cv-foundation.org/openaccess/content_iccv_2015/papers/Zheng_Structure_From_Motion_ICCV_2015_paper.pdf
Joint Camera Clustering and Surface Segmentation for Large-Scale Multi-View Stereo;http://www.cv-foundation.org/openaccess/content_iccv_2015/papers/Zhang_Joint_Camera_Clustering_ICCV_2015_paper.pdf
Higher-Order CRF Structural Segmentation of 3D Reconstructed Surfaces;http://www.cv-foundation.org/openaccess/content_iccv_2015/papers/Liu_Higher-Order_CRF_Structural_ICCV_2015_paper.pdf
Hyperpoints and Fine Vocabularies for Large-Scale Location Recognition;http://www.cv-foundation.org/openaccess/content_iccv_2015/papers/Sattler_Hyperpoints_and_Fine_ICCV_2015_paper.pdf
Globally Optimal 2D-3D Registration From Points or Lines Without Correspondences;http://www.cv-foundation.org/openaccess/content_iccv_2015/papers/Brown_Globally_Optimal_2D-3D_ICCV_2015_paper.pdf
The HCI Stereo Metrics: Geometry-Aware Performance Analysis of Stereo Algorithms;http://www.cv-foundation.org/openaccess/content_iccv_2015/papers/Honauer_The_HCI_Stereo_ICCV_2015_paper.pdf
Merging the Unmatchable: Stitching Visually Disconnected SfM Models;http://www.cv-foundation.org/openaccess/content_iccv_2015/papers/Cohen_Merging_the_Unmatchable_ICCV_2015_paper.pdf
3D Fragment Reassembly Using Integrated Template Guidance and Fracture-Region Matching;http://www.cv-foundation.org/openaccess/content_iccv_2015/papers/Zhang_3D_Fragment_Reassembly_ICCV_2015_paper.pdf
Procedural Editing of 3D Building Point Clouds;http://www.cv-foundation.org/openaccess/content_iccv_2015/papers/Demir_Procedural_Editing_of_ICCV_2015_paper.pdf
Semantically-Aware Aerial Reconstruction From Multi-Modal Data;http://www.cv-foundation.org/openaccess/content_iccv_2015/papers/Cabezas_Semantically-Aware_Aerial_Reconstruction_ICCV_2015_paper.pdf
Guaranteed Outlier Removal for Rotation Search;http://www.cv-foundation.org/openaccess/content_iccv_2015/papers/Bustos_Guaranteed_Outlier_Removal_ICCV_2015_paper.pdf
Peeking Template Matching for Depth Extension;http://www.cv-foundation.org/openaccess/content_iccv_2015/papers/Korman_Peeking_Template_Matching_ICCV_2015_paper.pdf
Deformable 3D Fusion: From Partial Dynamic 3D Observations to Complete 4D Models;http://www.cv-foundation.org/openaccess/content_iccv_2015/papers/Xu_Deformable_3D_Fusion_ICCV_2015_paper.pdf
Non-Parametric Structure-Based Calibration of Radially Symmetric Cameras;http://www.cv-foundation.org/openaccess/content_iccv_2015/papers/Camposeco_Non-Parametric_Structure-Based_Calibration_ICCV_2015_paper.pdf
Exploiting Object Similarity in 3D Reconstruction;http://www.cv-foundation.org/openaccess/content_iccv_2015/papers/Zhou_Exploiting_Object_Similarity_ICCV_2015_paper.pdf
You Are Here: Mimicking the Human Thinking Process in Reading Floor-Plans;http://www.cv-foundation.org/openaccess/content_iccv_2015/papers/Chu_You_Are_Here_ICCV_2015_paper.pdf
MAP Disparity Estimation Using Hidden Markov Trees;http://www.cv-foundation.org/openaccess/content_iccv_2015/papers/Psota_MAP_Disparity_Estimation_ICCV_2015_paper.pdf
Wide Baseline Stereo Matching With Convex Bounded Distortion Constraints;http://www.cv-foundation.org/openaccess/content_iccv_2015/papers/Galun_Wide_Baseline_Stereo_ICCV_2015_paper.pdf
Interactive Visual Hull Refinement for Specular and Transparent Object Surface Reconstruction;http://www.cv-foundation.org/openaccess/content_iccv_2015/papers/Zuo_Interactive_Visual_Hull_ICCV_2015_paper.pdf
Hierarchical Higher-Order Regression Forest Fields: An Application to 3D Indoor Scene Labelling;http://www.cv-foundation.org/openaccess/content_iccv_2015/papers/Pham_Hierarchical_Higher-Order_Regression_ICCV_2015_paper.pdf
Classical Scaling Revisited;http://www.cv-foundation.org/openaccess/content_iccv_2015/papers/Shamai_Classical_Scaling_Revisited_ICCV_2015_paper.pdf
Dense Continuous-Time Tracking and Mapping With Rolling Shutter RGB-D Cameras;http://www.cv-foundation.org/openaccess/content_iccv_2015/papers/Kerl_Dense_Continuous-Time_Tracking_ICCV_2015_paper.pdf
Dense Image Registration and Deformable Surface Reconstruction in Presence of Occlusions and Minimal Texture;http://www.cv-foundation.org/openaccess/content_iccv_2015/papers/Ngo_Dense_Image_Registration_ICCV_2015_paper.pdf
The Likelihood-Ratio Test and Efficient Robust Estimation;http://www.cv-foundation.org/openaccess/content_iccv_2015/papers/Cohen_The_Likelihood-Ratio_Test_ICCV_2015_paper.pdf
Reflection Modeling for Passive Stereo;http://www.cv-foundation.org/openaccess/content_iccv_2015/papers/Nair_Reflection_Modeling_for_ICCV_2015_paper.pdf
Detailed Full-Body Reconstructions of Moving People From Monocular RGB-D Sequences;http://www.cv-foundation.org/openaccess/content_iccv_2015/papers/Bogo_Detailed_Full-Body_Reconstructions_ICCV_2015_paper.pdf
Efficient Solution to the Epipolar Geometry for Radially Distorted Cameras;http://www.cv-foundation.org/openaccess/content_iccv_2015/papers/Kukelova_Efficient_Solution_to_ICCV_2015_paper.pdf
Learning a Descriptor-Specific 3D Keypoint Detector;http://www.cv-foundation.org/openaccess/content_iccv_2015/papers/Salti_Learning_a_Descriptor-Specific_ICCV_2015_paper.pdf
Component-Wise Modeling of Articulated Objects;http://www.cv-foundation.org/openaccess/content_iccv_2015/papers/Ntouskos_Component-Wise_Modeling_of_ICCV_2015_paper.pdf
A Collaborative Filtering Approach to Real-Time Hand Pose Estimation;http://www.cv-foundation.org/openaccess/content_iccv_2015/papers/Choi_A_Collaborative_Filtering_ICCV_2015_paper.pdf
On the Equivalence of Moving Entrance Pupil and Radial Distortion for Camera Calibration;http://www.cv-foundation.org/openaccess/content_iccv_2015/papers/Kumar_On_the_Equivalence_ICCV_2015_paper.pdf
A Linear Generalized Camera Calibration From Three Intersecting Reference Planes;http://www.cv-foundation.org/openaccess/content_iccv_2015/papers/Nishimura_A_Linear_Generalized_ICCV_2015_paper.pdf
Towards Pointless Structure From Motion: 3D Reconstruction and Camera Parameters From General 3D Curves;http://www.cv-foundation.org/openaccess/content_iccv_2015/papers/Nurutdinova_Towards_Pointless_Structure_ICCV_2015_paper.pdf
Attributed Grammars for Joint Estimation of Human Attributes, Part and Pose;http://www.cv-foundation.org/openaccess/content_iccv_2015/papers/Park_Attributed_Grammars_for_ICCV_2015_paper.pdf
Real-Time Pose Estimation Piggybacked on Object Detection;http://www.cv-foundation.org/openaccess/content_iccv_2015/papers/Juranek_Real-Time_Pose_Estimation_ICCV_2015_paper.pdf
Understanding and Predicting Image Memorability at a Large Scale;http://www.cv-foundation.org/openaccess/content_iccv_2015/papers/Khosla_Understanding_and_Predicting_ICCV_2015_paper.pdf
Multiple Granularity Descriptors for Fine-Grained Categorization;http://www.cv-foundation.org/openaccess/content_iccv_2015/papers/Wang_Multiple_Granularity_Descriptors_ICCV_2015_paper.pdf
Guiding the Long-Short Term Memory Model for Image Caption Generation;http://www.cv-foundation.org/openaccess/content_iccv_2015/papers/Jia_Guiding_the_Long-Short_ICCV_2015_paper.pdf
Just Noticeable Differences in Visual Attributes;http://www.cv-foundation.org/openaccess/content_iccv_2015/papers/Yu_Just_Noticeable_Differences_ICCV_2015_paper.pdf
VQA: Visual Question Answering;http://www.cv-foundation.org/openaccess/content_iccv_2015/papers/Antol_VQA_Visual_Question_ICCV_2015_paper.pdf
Localize Me Anywhere, Anytime: A Multi-Task Point-Retrieval Approach;http://www.cv-foundation.org/openaccess/content_iccv_2015/papers/Lu_Localize_Me_Anywhere_ICCV_2015_paper.pdf
Dense Optical Flow Prediction From a Static Image;http://www.cv-foundation.org/openaccess/content_iccv_2015/papers/Walker_Dense_Optical_Flow_ICCV_2015_paper.pdf
Unsupervised Domain Adaptation for Zero-Shot Learning;http://www.cv-foundation.org/openaccess/content_iccv_2015/papers/Kodirov_Unsupervised_Domain_Adaptation_ICCV_2015_paper.pdf
Visual Madlibs: Fill in the Blank Description Generation and Question Answering;http://www.cv-foundation.org/openaccess/content_iccv_2015/papers/Yu_Visual_Madlibs_Fill_ICCV_2015_paper.pdf
Actions and Attributes From Wholes and Parts;http://www.cv-foundation.org/openaccess/content_iccv_2015/papers/Gkioxari_Actions_and_Attributes_ICCV_2015_paper.pdf
DeepBox: Learning Objectness With Convolutional Networks;http://www.cv-foundation.org/openaccess/content_iccv_2015/papers/Kuo_DeepBox_Learning_Objectness_ICCV_2015_paper.pdf
Active Object Localization With Deep Reinforcement Learning;http://www.cv-foundation.org/openaccess/content_iccv_2015/papers/Caicedo_Active_Object_Localization_ICCV_2015_paper.pdf
Scene-Domain Active Part Models for Object Representation;http://www.cv-foundation.org/openaccess/content_iccv_2015/papers/Ren_Scene-Domain_Active_Part_ICCV_2015_paper.pdf
A Unified Multiplicative Framework for Attribute Learning;http://www.cv-foundation.org/openaccess/content_iccv_2015/papers/Liang_A_Unified_Multiplicative_ICCV_2015_paper.pdf
Contractive Rectifier Networks for Nonlinear Maximum Margin Classification;http://www.cv-foundation.org/openaccess/content_iccv_2015/papers/An_Contractive_Rectifier_Networks_ICCV_2015_paper.pdf
Augmenting Strong Supervision Using Web Data for Fine-Grained Categorization;http://www.cv-foundation.org/openaccess/content_iccv_2015/papers/Xu_Augmenting_Strong_Supervision_ICCV_2015_paper.pdf
Learning Like a Child: Fast Novel Visual Concept Learning From Sentence Descriptions of Images;http://www.cv-foundation.org/openaccess/content_iccv_2015/papers/Mao_Learning_Like_a_ICCV_2015_paper.pdf
Learning Common Sense Through Visual Abstraction;http://www.cv-foundation.org/openaccess/content_iccv_2015/papers/Vedantam_Learning_Common_Sense_ICCV_2015_paper.pdf
Domain Generalization for Object Recognition With Multi-Task Autoencoders;http://www.cv-foundation.org/openaccess/content_iccv_2015/papers/Ghifary_Domain_Generalization_for_ICCV_2015_paper.pdf
Square Localization for Efficient and Accurate Object Detection;http://www.cv-foundation.org/openaccess/content_iccv_2015/papers/Lu_Square_Localization_for_ICCV_2015_paper.pdf
Box Aggregation for Proposal Decimation: Last Mile of Object Detection;http://www.cv-foundation.org/openaccess/content_iccv_2015/papers/Liu_Box_Aggregation_for_ICCV_2015_paper.pdf
DeepProposal: Hunting Objects by Cascading Deep Convolutional Layers;http://www.cv-foundation.org/openaccess/content_iccv_2015/papers/Ghodrati_DeepProposal_Hunting_Objects_ICCV_2015_paper.pdf
Semantic Segmentation With Object Clique Potential;http://www.cv-foundation.org/openaccess/content_iccv_2015/papers/Qi_Semantic_Segmentation_With_ICCV_2015_paper.pdf
Automatic Concept Discovery From Parallel Text and Visual Corpora;http://www.cv-foundation.org/openaccess/content_iccv_2015/papers/Sun_Automatic_Concept_Discovery_ICCV_2015_paper.pdf
Simpler Non-Parametric Methods Provide as Good or Better Results to Multiple-Instance Learning;http://www.cv-foundation.org/openaccess/content_iccv_2015/papers/Venkatesan_Simpler_Non-Parametric_Methods_ICCV_2015_paper.pdf
Monocular Object Instance Segmentation and Depth Ordering With CNNs;http://www.cv-foundation.org/openaccess/content_iccv_2015/papers/Zhang_Monocular_Object_Instance_ICCV_2015_paper.pdf
Multimodal Convolutional Neural Networks for Matching Image and Sentence;http://www.cv-foundation.org/openaccess/content_iccv_2015/papers/Ma_Multimodal_Convolutional_Neural_ICCV_2015_paper.pdf
Structural Kernel Learning for Large Scale Multiclass Object Co-Detection;http://www.cv-foundation.org/openaccess/content_iccv_2015/papers/Hayder_Structural_Kernel_Learning_ICCV_2015_paper.pdf
Flickr30k Entities: Collecting Region-to-Phrase Correspondences for Richer Image-to-Sentence Models;http://www.cv-foundation.org/openaccess/content_iccv_2015/papers/Plummer_Flickr30k_Entities_Collecting_ICCV_2015_paper.pdf
Predicting Depth, Surface Normals and Semantic Labels With a Common Multi-Scale Convolutional Architecture;http://www.cv-foundation.org/openaccess/content_iccv_2015/papers/Eigen_Predicting_Depth_Surface_ICCV_2015_paper.pdf
AttentionNet: Aggregating Weak Directions for Accurate Object Detection;http://www.cv-foundation.org/openaccess/content_iccv_2015/papers/Yoo_AttentionNet_Aggregating_Weak_ICCV_2015_paper.pdf
Common Subspace for Model and Similarity: Phrase Learning for Caption Generation From Images;http://www.cv-foundation.org/openaccess/content_iccv_2015/papers/Ushiku_Common_Subspace_for_ICCV_2015_paper.pdf
3D-Assisted Feature Synthesis for Novel Views of an Object;http://www.cv-foundation.org/openaccess/content_iccv_2015/papers/Su_3D-Assisted_Feature_Synthesis_ICCV_2015_paper.pdf
Render for CNN: Viewpoint Estimation in Images Using CNNs Trained With Rendered 3D Model Views;http://www.cv-foundation.org/openaccess/content_iccv_2015/papers/Su_Render_for_CNN_ICCV_2015_paper.pdf
Lost Shopping! Monocular Localization in Large Indoor Spaces;http://www.cv-foundation.org/openaccess/content_iccv_2015/papers/Wang_Lost_Shopping_Monocular_ICCV_2015_paper.pdf
Camera Pose Voting for Large-Scale Image-Based Localization;http://www.cv-foundation.org/openaccess/content_iccv_2015/papers/Zeisl_Camera_Pose_Voting_ICCV_2015_paper.pdf
MANTRA: Minimum Maximum Latent Structural SVM for Image Classification and Ranking;http://www.cv-foundation.org/openaccess/content_iccv_2015/papers/Durand_MANTRA_Minimum_Maximum_ICCV_2015_paper.pdf
DeepDriving: Learning Affordance for Direct Perception in Autonomous Driving;http://www.cv-foundation.org/openaccess/content_iccv_2015/papers/Chen_DeepDriving_Learning_Affordance_ICCV_2015_paper.pdf
Active Transfer Learning With Zero-Shot Priors: Reusing Past Datasets for Future Tasks;http://www.cv-foundation.org/openaccess/content_iccv_2015/papers/Gavves_Active_Transfer_Learning_ICCV_2015_paper.pdf
HD-CNN: Hierarchical Deep Convolutional Neural Networks for Large Scale Visual Recognition;http://www.cv-foundation.org/openaccess/content_iccv_2015/papers/Yan_HD-CNN_Hierarchical_Deep_ICCV_2015_paper.pdf
Learning The Structure of Deep Convolutional Networks;http://www.cv-foundation.org/openaccess/content_iccv_2015/papers/Feng_Learning_The_Structure_ICCV_2015_paper.pdf
FlowNet: Learning Optical Flow With Convolutional Networks;http://www.cv-foundation.org/openaccess/content_iccv_2015/papers/Dosovitskiy_FlowNet_Learning_Optical_ICCV_2015_paper.pdf
Learning Semi-Supervised Representation Towards a Unified Optimization Framework for Semi-Supervised Learning;http://www.cv-foundation.org/openaccess/content_iccv_2015/papers/Li_Learning_Semi-Supervised_Representation_ICCV_2015_paper.pdf
Context-Guided Diffusion for Label Propagation on Graphs;http://www.cv-foundation.org/openaccess/content_iccv_2015/papers/Kim_Context-Guided_Diffusion_for_ICCV_2015_paper.pdf
Learning to Rank Based on Subsequences;http://www.cv-foundation.org/openaccess/content_iccv_2015/papers/Fernando_Learning_to_Rank_ICCV_2015_paper.pdf
Unsupervised Learning of Visual Representations Using Videos;http://www.cv-foundation.org/openaccess/content_iccv_2015/papers/Wang_Unsupervised_Learning_of_ICCV_2015_paper.pdf
A Nonparametric Bayesian Approach Toward Stacked Convolutional Independent Component Analysis;http://www.cv-foundation.org/openaccess/content_iccv_2015/papers/Chatzis_A_Nonparametric_Bayesian_ICCV_2015_paper.pdf
Robust Principal Component Analysis on Graphs;http://www.cv-foundation.org/openaccess/content_iccv_2015/papers/Shahid_Robust_Principal_Component_ICCV_2015_paper.pdf
Projection Bank: From High-Dimensional Data to Medium-Length Binary Codes;http://www.cv-foundation.org/openaccess/content_iccv_2015/papers/Liu_Projection_Bank_From_ICCV_2015_paper.pdf
Robust Optimization for Deep Regression;http://www.cv-foundation.org/openaccess/content_iccv_2015/papers/Belagiannis_Robust_Optimization_for_ICCV_2015_paper.pdf
Multi-Class Multi-Annotator Active Learning With Robust Gaussian Process for Visual Recognition;http://www.cv-foundation.org/openaccess/content_iccv_2015/papers/Long_Multi-Class_Multi-Annotator_Active_ICCV_2015_paper.pdf
Maximum-Margin Structured Learning With Deep Networks for 3D Human Pose Estimation;http://www.cv-foundation.org/openaccess/content_iccv_2015/papers/Li_Maximum-Margin_Structured_Learning_ICCV_2015_paper.pdf
An Exploration of Parameter Redundancy in Deep Networks With Circulant Projections;http://www.cv-foundation.org/openaccess/content_iccv_2015/papers/Cheng_An_Exploration_of_ICCV_2015_paper.pdf
Additive Nearest Neighbor Feature Maps;http://www.cv-foundation.org/openaccess/content_iccv_2015/papers/Wang_Additive_Nearest_Neighbor_ICCV_2015_paper.pdf
Understanding Deep Features With Computer-Generated Imagery;http://www.cv-foundation.org/openaccess/content_iccv_2015/papers/Aubry_Understanding_Deep_Features_ICCV_2015_paper.pdf
Interpolation on the Manifold of K Component GMMs;http://www.cv-foundation.org/openaccess/content_iccv_2015/papers/Kim_Interpolation_on_the_ICCV_2015_paper.pdf
Context-Aware CNNs for Person Head Detection;http://www.cv-foundation.org/openaccess/content_iccv_2015/papers/Vu_Context-Aware_CNNs_for_ICCV_2015_paper.pdf
Mode-Seeking on Hypergraphs for Robust Geometric Model Fitting;http://www.cv-foundation.org/openaccess/content_iccv_2015/papers/Wang_Mode-Seeking_on_Hypergraphs_ICCV_2015_paper.pdf
Highly-Expressive Spaces of Well-Behaved Transformations: Keeping It Simple;http://www.cv-foundation.org/openaccess/content_iccv_2015/papers/Freifeld_Highly-Expressive_Spaces_of_ICCV_2015_paper.pdf
Entropy-Based Latent Structured Output Prediction;http://www.cv-foundation.org/openaccess/content_iccv_2015/papers/Bouchacourt_Entropy-Based_Latent_Structured_ICCV_2015_paper.pdf
Fast Orthogonal Projection Based on Kronecker Product;http://www.cv-foundation.org/openaccess/content_iccv_2015/papers/Zhang_Fast_Orthogonal_Projection_ICCV_2015_paper.pdf
PoseNet: A Convolutional Network for Real-Time 6-DOF Camera Relocalization;http://www.cv-foundation.org/openaccess/content_iccv_2015/papers/Kendall_PoseNet_A_Convolutional_ICCV_2015_paper.pdf
Predicting Multiple Structured Visual Interpretations;http://www.cv-foundation.org/openaccess/content_iccv_2015/papers/Dey_Predicting_Multiple_Structured_ICCV_2015_paper.pdf
Look and Think Twice: Capturing Top-Down Visual Attention With Feedback Convolutional Neural Networks;http://www.cv-foundation.org/openaccess/content_iccv_2015/papers/Cao_Look_and_Think_ICCV_2015_paper.pdf
Matrix Backpropagation for Deep Networks With Structured Layers;http://www.cv-foundation.org/openaccess/content_iccv_2015/papers/Ionescu_Matrix_Backpropagation_for_ICCV_2015_paper.pdf
Introducing Geometry in Active Learning for Image Segmentation;http://www.cv-foundation.org/openaccess/content_iccv_2015/papers/Konyushkova_Introducing_Geometry_in_ICCV_2015_paper.pdf
Joint Fine-Tuning in Deep Neural Networks for Facial Expression Recognition;http://www.cv-foundation.org/openaccess/content_iccv_2015/papers/Jung_Joint_Fine-Tuning_in_ICCV_2015_paper.pdf
Direct Intrinsics: Learning Albedo-Shading Decomposition by Convolutional Regression;http://www.cv-foundation.org/openaccess/content_iccv_2015/papers/Narihira_Direct_Intrinsics_Learning_ICCV_2015_paper.pdf
Face Flow;http://www.cv-foundation.org/openaccess/content_iccv_2015/papers/Snape_Face_Flow_ICCV_2015_paper.pdf
Discriminative Low-Rank Tracking;http://www.cv-foundation.org/openaccess/content_iccv_2015/papers/Sui_Discriminative_Low-Rank_Tracking_ICCV_2015_paper.pdf
SOWP: Spatially Ordered and Weighted Patch Descriptor for Visual Tracking;http://www.cv-foundation.org/openaccess/content_iccv_2015/papers/Kim_SOWP_Spatially_Ordered_ICCV_2015_paper.pdf
Live Repetition Counting;http://www.cv-foundation.org/openaccess/content_iccv_2015/papers/Levy_Live_Repetition_Counting_ICCV_2015_paper.pdf
Near-Online Multi-Target Tracking With Aggregated Local Flow Descriptor;http://www.cv-foundation.org/openaccess/content_iccv_2015/papers/Choi_Near-Online_Multi-Target_Tracking_ICCV_2015_paper.pdf
Multi-Kernel Correlation Filter for Visual Tracking;http://www.cv-foundation.org/openaccess/content_iccv_2015/papers/Tang_Multi-Kernel_Correlation_Filter_ICCV_2015_paper.pdf
Joint Probabilistic Data Association Revisited;http://www.cv-foundation.org/openaccess/content_iccv_2015/papers/Rezatofighi_Joint_Probabilistic_Data_ICCV_2015_paper.pdf
Tracking-by-Segmentation With Online Gradient Boosting Decision Tree;http://www.cv-foundation.org/openaccess/content_iccv_2015/papers/Son_Tracking-by-Segmentation_With_Online_ICCV_2015_paper.pdf
Exploring Causal Relationships in Visual Object Tracking;http://www.cv-foundation.org/openaccess/content_iccv_2015/papers/Lebeda_Exploring_Causal_Relationships_ICCV_2015_paper.pdf
Hierarchical Convolutional Features for Visual Tracking;http://www.cv-foundation.org/openaccess/content_iccv_2015/papers/Ma_Hierarchical_Convolutional_Features_ICCV_2015_paper.pdf
Robust Non-Rigid Motion Tracking and Surface Reconstruction Using L0 Regularization;http://www.cv-foundation.org/openaccess/content_iccv_2015/papers/Guo_Robust_Non-Rigid_Motion_ICCV_2015_paper.pdf
Online Object Tracking With Proposal Selection;http://www.cv-foundation.org/openaccess/content_iccv_2015/papers/Hua_Online_Object_Tracking_ICCV_2015_paper.pdf
Understanding and Diagnosing Visual Tracking Systems;http://www.cv-foundation.org/openaccess/content_iccv_2015/papers/Wang_Understanding_and_Diagnosing_ICCV_2015_paper.pdf
Integrating Dashcam Views Through Inter-Video Mapping;http://www.cv-foundation.org/openaccess/content_iccv_2015/papers/Chen_Integrating_Dashcam_Views_ICCV_2015_paper.pdf
Visual Tracking With Fully Convolutional Networks;http://www.cv-foundation.org/openaccess/content_iccv_2015/papers/Wang_Visual_Tracking_With_ICCV_2015_paper.pdf
Multiple Feature Fusion via Weighted Entropy for Visual Tracking;http://www.cv-foundation.org/openaccess/content_iccv_2015/papers/Ma_Multiple_Feature_Fusion_ICCV_2015_paper.pdf
Pedestrian Travel Time Estimation in Crowded Scenes;http://www.cv-foundation.org/openaccess/content_iccv_2015/papers/Yi_Pedestrian_Travel_Time_ICCV_2015_paper.pdf
Unsupervised Synchrony Discovery in Human Interaction;http://www.cv-foundation.org/openaccess/content_iccv_2015/papers/Chu_Unsupervised_Synchrony_Discovery_ICCV_2015_paper.pdf
Efficient Video Segmentation Using Parametric Graph Partitioning;http://www.cv-foundation.org/openaccess/content_iccv_2015/papers/Yu_Efficient_Video_Segmentation_ICCV_2015_paper.pdf
Learning to Track for Spatio-Temporal Action Localization;http://www.cv-foundation.org/openaccess/content_iccv_2015/papers/Weinzaepfel_Learning_to_Track_ICCV_2015_paper.pdf
Unsupervised Object Discovery and Tracking in Video Collections;http://www.cv-foundation.org/openaccess/content_iccv_2015/papers/Kwak_Unsupervised_Object_Discovery_ICCV_2015_paper.pdf
Car That Knows Before You Do: Anticipating Maneuvers via Learning Temporal Driving Models;http://www.cv-foundation.org/openaccess/content_iccv_2015/papers/Jain_Car_That_Knows_ICCV_2015_paper.pdf
Activity Auto-Completion: Predicting Human Activities From Partial Videos;http://www.cv-foundation.org/openaccess/content_iccv_2015/papers/Xu_Activity_Auto-Completion_Predicting_ICCV_2015_paper.pdf
Person Re-Identification With Correspondence Structure Learning;http://www.cv-foundation.org/openaccess/content_iccv_2015/papers/Shen_Person_Re-Identification_With_ICCV_2015_paper.pdf
Adaptive Exponential Smoothing for Online Filtering of Pixel Prediction Maps;http://www.cv-foundation.org/openaccess/content_iccv_2015/papers/Dang_Adaptive_Exponential_Smoothing_ICCV_2015_paper.pdf
P-CNN: Pose-Based CNN Features for Action Recognition;http://www.cv-foundation.org/openaccess/content_iccv_2015/papers/Cheron_P-CNN_Pose-Based_CNN_ICCV_2015_paper.pdf
Fully Connected Object Proposals for Video Segmentation;http://www.cv-foundation.org/openaccess/content_iccv_2015/papers/Perazzi_Fully_Connected_Object_ICCV_2015_paper.pdf
Video Segmentation With Just a Few Strokes;http://www.cv-foundation.org/openaccess/content_iccv_2015/papers/Nagaraja_Video_Segmentation_With_ICCV_2015_paper.pdf
Actionness-Assisted Recognition of Actions;http://www.cv-foundation.org/openaccess/content_iccv_2015/papers/Luo_Actionness-Assisted_Recognition_of_ICCV_2015_paper.pdf
COUNT Forest: CO-Voting Uncertain Number of Targets Using Random Forest for Crowd Density Estimation;http://www.cv-foundation.org/openaccess/content_iccv_2015/papers/Pham_COUNT_Forest_CO-Voting_ICCV_2015_paper.pdf
Multi-Cue Structure Preserving MRF for Unconstrained Video Segmentation;http://www.cv-foundation.org/openaccess/content_iccv_2015/papers/Yi_Multi-Cue_Structure_Preserving_ICCV_2015_paper.pdf
Motion Trajectory Segmentation via Minimum Cost Multicuts;http://www.cv-foundation.org/openaccess/content_iccv_2015/papers/Keuper_Motion_Trajectory_Segmentation_ICCV_2015_paper.pdf
Action Localization in Videos Through Context Walk;http://www.cv-foundation.org/openaccess/content_iccv_2015/papers/Soomro_Action_Localization_in_ICCV_2015_paper.pdf
RGB-W: When Vision Meets Wireless;http://www.cv-foundation.org/openaccess/content_iccv_2015/papers/Alahi_RGB-W_When_Vision_ICCV_2015_paper.pdf
Action Detection by Implicit Intentional Motion Clustering;http://www.cv-foundation.org/openaccess/content_iccv_2015/papers/Chen_Action_Detection_by_ICCV_2015_paper.pdf
Simultaneous Foreground Detection and Classification With Hybrid Features;http://www.cv-foundation.org/openaccess/content_iccv_2015/papers/Kim_Simultaneous_Foreground_Detection_ICCV_2015_paper.pdf
Training a Feedback Loop for Hand Pose Estimation;http://www.cv-foundation.org/openaccess/content_iccv_2015/papers/Oberweger_Training_a_Feedback_ICCV_2015_paper.pdf
Opening the Black Box: Hierarchical Sampling Optimization for Estimating Human Hand Pose;http://www.cv-foundation.org/openaccess/content_iccv_2015/papers/Tang_Opening_the_Black_ICCV_2015_paper.pdf
Panoptic Studio: A Massively Multiview System for Social Motion Capture;http://www.cv-foundation.org/openaccess/content_iccv_2015/papers/Joo_Panoptic_Studio_A_ICCV_2015_paper.pdf
Where to Buy It: Matching Street Clothing Photos in Online Shops;http://www.cv-foundation.org/openaccess/content_iccv_2015/papers/Kiapour_Where_to_Buy_ICCV_2015_paper.pdf
Multi-Task Recurrent Neural Network for Immediacy Prediction;http://www.cv-foundation.org/openaccess/content_iccv_2015/papers/Chu_Multi-Task_Recurrent_Neural_ICCV_2015_paper.pdf
Learning Complexity-Aware Cascades for Deep Pedestrian Detection;http://www.cv-foundation.org/openaccess/content_iccv_2015/papers/Cai_Learning_Complexity-Aware_Cascades_ICCV_2015_paper.pdf
Polarized 3D: High-Quality Depth Sensing With Polarization Cues;http://www.cv-foundation.org/openaccess/content_iccv_2015/papers/Kadambi_Polarized_3D_High-Quality_ICCV_2015_paper.pdf
Airborne Three-Dimensional Cloud Tomography;http://www.cv-foundation.org/openaccess/content_iccv_2015/papers/Levis_Airborne_Three-Dimensional_Cloud_ICCV_2015_paper.pdf
Leave-One-Out Kernel Optimization for Shadow Detection;http://www.cv-foundation.org/openaccess/content_iccv_2015/papers/Vicente_Leave-One-Out_Kernel_Optimization_ICCV_2015_paper.pdf
Removing Rain From a Single Image via Discriminative Sparse Coding;http://www.cv-foundation.org/openaccess/content_iccv_2015/papers/Luo_Removing_Rain_From_ICCV_2015_paper.pdf
Mutual-Structure for Joint Filtering;http://www.cv-foundation.org/openaccess/content_iccv_2015/papers/Shen_Mutual-Structure_for_Joint_ICCV_2015_paper.pdf
Photometric Stereo in a Scattering Medium;http://www.cv-foundation.org/openaccess/content_iccv_2015/papers/Murez_Photometric_Stereo_in_ICCV_2015_paper.pdf
Resolving Scale Ambiguity Via XSlit Aspect Ratio Analysis;http://www.cv-foundation.org/openaccess/content_iccv_2015/papers/Yang_Resolving_Scale_Ambiguity_ICCV_2015_paper.pdf
Single-Shot Specular Surface Reconstruction With Gonio-Plenoptic Imaging;http://www.cv-foundation.org/openaccess/content_iccv_2015/papers/Meng_Single-Shot_Specular_Surface_ICCV_2015_paper.pdf
TransCut: Transparent Object Segmentation From a Light-Field Image;http://www.cv-foundation.org/openaccess/content_iccv_2015/papers/Xu_TransCut_Transparent_Object_ICCV_2015_paper.pdf
Depth Recovery From Light Field Using Focal Stack Symmetry;http://www.cv-foundation.org/openaccess/content_iccv_2015/papers/Lin_Depth_Recovery_From_ICCV_2015_paper.pdf
Depth Map Estimation and Colorization of Anaglyph Images Using Local Color Prior and Reverse Intensity Distribution;http://www.cv-foundation.org/openaccess/content_iccv_2015/papers/Williem_Depth_Map_Estimation_ICCV_2015_paper.pdf
Learning Data-Driven Reflectance Priors for Intrinsic Image Decomposition;http://www.cv-foundation.org/openaccess/content_iccv_2015/papers/Zhou_Learning_Data-Driven_Reflectance_ICCV_2015_paper.pdf
Photometric Stereo With Small Angular Variations;http://www.cv-foundation.org/openaccess/content_iccv_2015/papers/Wang_Photometric_Stereo_With_ICCV_2015_paper.pdf
Occlusion-Aware Depth Estimation Using Light-Field Cameras;http://www.cv-foundation.org/openaccess/content_iccv_2015/papers/Wang_Occlusion-Aware_Depth_Estimation_ICCV_2015_paper.pdf
Oriented Light-Field Windows for Scene Flow;http://www.cv-foundation.org/openaccess/content_iccv_2015/papers/Srinivasan_Oriented_Light-Field_Windows_ICCV_2015_paper.pdf
Extended Depth of Field Catadioptric Imaging Using Focal Sweep;http://www.cv-foundation.org/openaccess/content_iccv_2015/papers/Yokoya_Extended_Depth_of_ICCV_2015_paper.pdf
Intrinsic Depth: Improving Depth Transfer With Intrinsic Images;http://www.cv-foundation.org/openaccess/content_iccv_2015/papers/Kong_Intrinsic_Depth_Improving_ICCV_2015_paper.pdf
Separating Fluorescent and Reflective Components by Using a Single Hyperspectral Image;http://www.cv-foundation.org/openaccess/content_iccv_2015/papers/Zheng_Separating_Fluorescent_and_ICCV_2015_paper.pdf
Frequency-Based Environment Matting by Compressive Sensing;http://www.cv-foundation.org/openaccess/content_iccv_2015/papers/Qian_Frequency-Based_Environment_Matting_ICCV_2015_paper.pdf
Complementary Sets of Shutter Sequences for Motion Deblurring;http://www.cv-foundation.org/openaccess/content_iccv_2015/papers/Jeon_Complementary_Sets_of_ICCV_2015_paper.pdf
Hyperspectral Compressive Sensing Using Manifold-Structured Sparsity Prior;http://www.cv-foundation.org/openaccess/content_iccv_2015/papers/Zhang_Hyperspectral_Compressive_Sensing_ICCV_2015_paper.pdf
A Gaussian Process Latent Variable Model for BRDF Inference;http://www.cv-foundation.org/openaccess/content_iccv_2015/papers/Georgoulis_A_Gaussian_Process_ICCV_2015_paper.pdf
Active One-Shot Scan for Wide Depth Range Using a Light Field Projector Based on Coded Aperture;http://www.cv-foundation.org/openaccess/content_iccv_2015/papers/Kawasaki_Active_One-Shot_Scan_ICCV_2015_paper.pdf
Model-Based Tracking at 300Hz Using Raw Time-of-Flight Observations;http://www.cv-foundation.org/openaccess/content_iccv_2015/papers/Stuhmer_Model-Based_Tracking_at_ICCV_2015_paper.pdf
Hyperspectral Super-Resolution by Coupled Spectral Unmixing;http://www.cv-foundation.org/openaccess/content_iccv_2015/papers/Lanaras_Hyperspectral_Super-Resolution_by_ICCV_2015_paper.pdf
Depth Selective Camera: A Direct, On-Chip, Programmable Technique for Depth Selectivity in Photography;http://www.cv-foundation.org/openaccess/content_iccv_2015/papers/Tadano_Depth_Selective_Camera_ICCV_2015_paper.pdf
A Groupwise Multilinear Correspondence Optimization for 3D Faces;http://www.cv-foundation.org/openaccess/content_iccv_2015/papers/Bolkart_A_Groupwise_Multilinear_ICCV_2015_paper.pdf
Selective Encoding for Recognizing Unreliably Localized Faces;http://www.cv-foundation.org/openaccess/content_iccv_2015/papers/Li_Selective_Encoding_for_ICCV_2015_paper.pdf
Confidence Preserving Machine for Facial Action Unit Detection;http://www.cv-foundation.org/openaccess/content_iccv_2015/papers/Zeng_Confidence_Preserving_Machine_ICCV_2015_paper.pdf
Learning Social Relation Traits From Face Images;http://www.cv-foundation.org/openaccess/content_iccv_2015/papers/Zhang_Learning_Social_Relation_ICCV_2015_paper.pdf
Robust Heart Rate Measurement From Video Using Select Random Patches;http://www.cv-foundation.org/openaccess/content_iccv_2015/papers/Lam_Robust_Heart_Rate_ICCV_2015_paper.pdf
Robust Model-Based 3D Head Pose Estimation;http://www.cv-foundation.org/openaccess/content_iccv_2015/papers/Meyer_Robust_Model-Based_3D_ICCV_2015_paper.pdf
Robust Facial Landmark Detection Under Significant Head Poses and Occlusion;http://www.cv-foundation.org/openaccess/content_iccv_2015/papers/Wu_Robust_Facial_Landmark_ICCV_2015_paper.pdf
Conditional Convolutional Neural Network for Modality-Aware Face Recognition;http://www.cv-foundation.org/openaccess/content_iccv_2015/papers/Xiong_Conditional_Convolutional_Neural_ICCV_2015_paper.pdf
From Facial Parts Responses to Face Detection: A Deep Learning Approach;http://www.cv-foundation.org/openaccess/content_iccv_2015/papers/Yang_From_Facial_Parts_ICCV_2015_paper.pdf
Efficient PSD Constrained Asymmetric Metric Learning for Person Re-Identification;http://www.cv-foundation.org/openaccess/content_iccv_2015/papers/Liao_Efficient_PSD_Constrained_ICCV_2015_paper.pdf
Pose-Invariant 3D Face Alignment;http://www.cv-foundation.org/openaccess/content_iccv_2015/papers/Jourabloo_Pose-Invariant_3D_Face_ICCV_2015_paper.pdf
From Emotions to Action Units With Hidden and Semi-Hidden-Task Learning;http://www.cv-foundation.org/openaccess/content_iccv_2015/papers/Ruiz_From_Emotions_to_ICCV_2015_paper.pdf
Automated Facial Trait Judgment and Election Outcome Prediction: Social Dimensions of Face;http://www.cv-foundation.org/openaccess/content_iccv_2015/papers/Joo_Automated_Facial_Trait_ICCV_2015_paper.pdf
Simultaneous Local Binary Feature Learning and Encoding for Face Recognition;http://www.cv-foundation.org/openaccess/content_iccv_2015/papers/Lu_Simultaneous_Local_Binary_ICCV_2015_paper.pdf
Deep Learning Face Attributes in the Wild;http://www.cv-foundation.org/openaccess/content_iccv_2015/papers/Liu_Deep_Learning_Face_ICCV_2015_paper.pdf
Multi-Task Learning With Low Rank Attribute Embedding for Person Re-Identification;http://www.cv-foundation.org/openaccess/content_iccv_2015/papers/Su_Multi-Task_Learning_With_ICCV_2015_paper.pdf
Regressing a 3D Face Shape From a Single Image;http://www.cv-foundation.org/openaccess/content_iccv_2015/papers/Tulyakov_Regressing_a_3D_ICCV_2015_paper.pdf
Rendering of Eyes for Eye-Shape Registration and Gaze Estimation;http://www.cv-foundation.org/openaccess/content_iccv_2015/papers/Wood_Rendering_of_Eyes_ICCV_2015_paper.pdf
Multi-Scale Learning for Low-Resolution Person Re-Identification;http://www.cv-foundation.org/openaccess/content_iccv_2015/papers/Li_Multi-Scale_Learning_for_ICCV_2015_paper.pdf
Learning to Transfer: Transferring Latent Task Structures and Its Application to Person-Specific Facial Action Unit Detection;http://www.cv-foundation.org/openaccess/content_iccv_2015/papers/Almaev_Learning_to_Transfer_ICCV_2015_paper.pdf
Pairwise Conditional Random Forests for Facial Expression Recognition;http://www.cv-foundation.org/openaccess/content_iccv_2015/papers/Dapogny_Pairwise_Conditional_Random_ICCV_2015_paper.pdf
Multi-Conditional Latent Variable Model for Joint Facial Action Unit Detection;http://www.cv-foundation.org/openaccess/content_iccv_2015/papers/Eleftheriadis_Multi-Conditional_Latent_Variable_ICCV_2015_paper.pdf
Leveraging Datasets With Varying Annotations for Face Alignment via Deep Regression Network;http://www.cv-foundation.org/openaccess/content_iccv_2015/papers/Zhang_Leveraging_Datasets_With_ICCV_2015_paper.pdf
A Spatio-Temporal Appearance Representation for Viceo-Based Pedestrian Re-Identification;http://www.cv-foundation.org/openaccess/content_iccv_2015/papers/Liu_A_Spatio-Temporal_Appearance_ICCV_2015_paper.pdf
Two Birds, One Stone: Jointly Learning Binary Code for Large-Scale Face Image Retrieval and Attributes Prediction;http://www.cv-foundation.org/openaccess/content_iccv_2015/papers/Li_Two_Birds_One_ICCV_2015_paper.pdf
An Accurate Iris Segmentation Framework Under Relaxed Imaging Constraints Using Total Variation Model;http://www.cv-foundation.org/openaccess/content_iccv_2015/papers/Zhao_An_Accurate_Iris_ICCV_2015_paper.pdf
Discriminative Pose-Free Descriptors for Face and Object Matching;http://www.cv-foundation.org/openaccess/content_iccv_2015/papers/Sanyal_Discriminative_Pose-Free_Descriptors_ICCV_2015_paper.pdf
Bi-Shifting Auto-Encoder for Unsupervised Domain Adaptation;http://www.cv-foundation.org/openaccess/content_iccv_2015/papers/Kan_Bi-Shifting_Auto-Encoder_for_ICCV_2015_paper.pdf
Regressive Tree Structured Model for Facial Landmark Localization;http://www.cv-foundation.org/openaccess/content_iccv_2015/papers/Hsu_Regressive_Tree_Structured_ICCV_2015_paper.pdf
Person Recognition in Personal Photo Collections;http://www.cv-foundation.org/openaccess/content_iccv_2015/papers/Oh_Person_Recognition_in_ICCV_2015_paper.pdf
Robust Statistical Face Frontalization;http://www.cv-foundation.org/openaccess/content_iccv_2015/papers/Sagonas_Robust_Statistical_Face_ICCV_2015_paper.pdf
PIEFA: Personalized Incremental and Ensemble Face Alignment;http://www.cv-foundation.org/openaccess/content_iccv_2015/papers/Peng_PIEFA_Personalized_Incremental_ICCV_2015_paper.pdf
Understanding Everyday Hands in Action From RGB-D Images;http://www.cv-foundation.org/openaccess/content_iccv_2015/papers/Rogez_Understanding_Everyday_Hands_ICCV_2015_paper.pdf
Example-Based Modeling of Facial Texture From Deficient Data;http://www.cv-foundation.org/openaccess/content_iccv_2015/papers/Dessein_Example-Based_Modeling_of_ICCV_2015_paper.pdf
Learning to Predict Saliency on Face Images;http://www.cv-foundation.org/openaccess/content_iccv_2015/papers/Xu_Learning_to_Predict_ICCV_2015_paper.pdf
Group Membership Prediction;http://www.cv-foundation.org/openaccess/content_iccv_2015/papers/Zhang_Group_Membership_Prediction_ICCV_2015_paper.pdf
Extraction of Virtual Baselines From Distorted Document Images Using Curvilinear Projection;http://www.cv-foundation.org/openaccess/content_iccv_2015/papers/Meng_Extraction_of_Virtual_ICCV_2015_paper.pdf
Robust RGB-D Odometry Using Point and Line Features;http://www.cv-foundation.org/openaccess/content_iccv_2015/papers/Lu_Robust_RGB-D_Odometry_ICCV_2015_paper.pdf
Learning a Discriminative Model for the Perception of Realism in Composite Images;http://www.cv-foundation.org/openaccess/content_iccv_2015/papers/Zhu_Learning_a_Discriminative_ICCV_2015_paper.pdf
What Makes Tom Hanks Look Like Tom Hanks;http://www.cv-foundation.org/openaccess/content_iccv_2015/papers/Suwajanakorn_What_Makes_Tom_ICCV_2015_paper.pdf
Wide-Area Image Geolocalization With Aerial Reference Imagery;http://www.cv-foundation.org/openaccess/content_iccv_2015/papers/Workman_Wide-Area_Image_Geolocalization_ICCV_2015_paper.pdf
Personalized Age Progression With Aging Dictionary;http://www.cv-foundation.org/openaccess/content_iccv_2015/papers/Shu_Personalized_Age_Progression_ICCV_2015_paper.pdf
FaceDirector: Continuous Control of Facial Performance in Video;http://www.cv-foundation.org/openaccess/content_iccv_2015/papers/Malleson_FaceDirector_Continuous_Control_ICCV_2015_paper.pdf
Synthesizing Illumination Mosaics From Internet Photo-Collections;http://www.cv-foundation.org/openaccess/content_iccv_2015/papers/Ji_Synthesizing_Illumination_Mosaics_ICCV_2015_paper.pdf
Hot or Not: Exploring Correlations Between Appearance and Temperature;http://www.cv-foundation.org/openaccess/content_iccv_2015/papers/Glasner_Hot_or_Not_ICCV_2015_paper.pdf
SPM-BP: Sped-up PatchMatch Belief Propagation for Continuous MRFs;http://www.cv-foundation.org/openaccess/content_iccv_2015/papers/Li_SPM-BP_Sped-up_PatchMatch_ICCV_2015_paper.pdf
Flow Fields: Dense Correspondence Fields for Highly Accurate Large Displacement Optical Flow Estimation;http://www.cv-foundation.org/openaccess/content_iccv_2015/papers/Bailer_Flow_Fields_Dense_ICCV_2015_paper.pdf
Dense Semantic Correspondence Where Every Pixel is a Classifier;http://www.cv-foundation.org/openaccess/content_iccv_2015/papers/Bristow_Dense_Semantic_Correspondence_ICCV_2015_paper.pdf
Multi-Image Matching via Fast Alternating Minimization;http://www.cv-foundation.org/openaccess/content_iccv_2015/papers/Zhou_Multi-Image_Matching_via_ICCV_2015_paper.pdf
Differential Recurrent Neural Networks for Action Recognition;http://www.cv-foundation.org/openaccess/content_iccv_2015/papers/Veeriah_Differential_Recurrent_Neural_ICCV_2015_paper.pdf
Similarity Gaussian Process Latent Variable Model for Multi-Modal Data Analysis;http://www.cv-foundation.org/openaccess/content_iccv_2015/papers/Song_Similarity_Gaussian_Process_ICCV_2015_paper.pdf
Learning Ensembles of Potential Functions for Structured Prediction With Latent Variables;http://www.cv-foundation.org/openaccess/content_iccv_2015/papers/Hajimirsadeghi_Learning_Ensembles_of_ICCV_2015_paper.pdf
Simultaneous Deep Transfer Across Domains and Tasks;http://www.cv-foundation.org/openaccess/content_iccv_2015/papers/Tzeng_Simultaneous_Deep_Transfer_ICCV_2015_paper.pdf
Low Dimensional Explicit Feature Maps;http://www.cv-foundation.org/openaccess/content_iccv_2015/papers/Chum_Low_Dimensional_Explicit_ICCV_2015_paper.pdf
Unsupervised Learning of Spatiotemporally Coherent Metrics;http://www.cv-foundation.org/openaccess/content_iccv_2015/papers/Goroshin_Unsupervised_Learning_of_ICCV_2015_paper.pdf
Multi-Label Cross-Modal Retrieval;http://www.cv-foundation.org/openaccess/content_iccv_2015/papers/Ranjan_Multi-Label_Cross-Modal_Retrieval_ICCV_2015_paper.pdf
Improving Ferns Ensembles by Sparsifying and Quantising Posterior Probabilities;http://www.cv-foundation.org/openaccess/content_iccv_2015/papers/Rodriguez_Improving_Ferns_Ensembles_ICCV_2015_paper.pdf
Beyond Gauss: Image-Set Matching on the Riemannian Manifold of PDFs;http://www.cv-foundation.org/openaccess/content_iccv_2015/papers/Harandi_Beyond_Gauss_Image-Set_ICCV_2015_paper.pdf
Unsupervised Domain Adaptation With Imbalanced Cross-Domain Data;http://www.cv-foundation.org/openaccess/content_iccv_2015/papers/Hsu_Unsupervised_Domain_Adaptation_ICCV_2015_paper.pdf
Secrets of Matrix Factorization: Approximations, Numerics, Manifold Optimization and Random Restarts;http://www.cv-foundation.org/openaccess/content_iccv_2015/papers/Hong_Secrets_of_Matrix_ICCV_2015_paper.pdf
Geometry-Aware Deep Transform;http://www.cv-foundation.org/openaccess/content_iccv_2015/papers/Huang_Geometry-Aware_Deep_Transform_ICCV_2015_paper.pdf
Learning Binary Codes for Maximum Inner Product Search;http://www.cv-foundation.org/openaccess/content_iccv_2015/papers/Shen_Learning_Binary_Codes_ICCV_2015_paper.pdf
ML-MG: Multi-Label Learning With Missing Labels Using a Mixed Graph;http://www.cv-foundation.org/openaccess/content_iccv_2015/papers/Wu_ML-MG_Multi-Label_Learning_ICCV_2015_paper.pdf
Zero-Shot Learning via Semantic Similarity Embedding;http://www.cv-foundation.org/openaccess/content_iccv_2015/papers/Zhang_Zero-Shot_Learning_via_ICCV_2015_paper.pdf
Bayesian Model Adaptation for Crowd Counts;http://www.cv-foundation.org/openaccess/content_iccv_2015/papers/Liu_Bayesian_Model_Adaptation_ICCV_2015_paper.pdf
An NMF Perspective on Binary Hashing;http://www.cv-foundation.org/openaccess/content_iccv_2015/papers/Mukherjee_An_NMF_Perspective_ICCV_2015_paper.pdf
Multi-View Domain Generalization for Visual Recognition;http://www.cv-foundation.org/openaccess/content_iccv_2015/papers/Niu_Multi-View_Domain_Generalization_ICCV_2015_paper.pdf
Infinite Feature Selection;http://www.cv-foundation.org/openaccess/content_iccv_2015/papers/Roffo_Infinite_Feature_Selection_ICCV_2015_paper.pdf
Semi-Supervised Zero-Shot Classification With Label Representation Learning;http://www.cv-foundation.org/openaccess/content_iccv_2015/papers/Li_Semi-Supervised_Zero-Shot_Classification_ICCV_2015_paper.pdf
A Supervised Low-Rank Method for Learning Invariant Subspaces;http://www.cv-foundation.org/openaccess/content_iccv_2015/papers/Siyahjani_A_Supervised_Low-Rank_ICCV_2015_paper.pdf
Recursive FrÃ©chet Mean Computation on the Grassmannian and its Applications to Computer Vision;http://www.cv-foundation.org/openaccess/content_iccv_2015/papers/Chakraborty_Recursive_Frechet_Mean_ICCV_2015_paper.pdf
Multi-View Subspace Clustering;http://www.cv-foundation.org/openaccess/content_iccv_2015/papers/Gao_Multi-View_Subspace_Clustering_ICCV_2015_paper.pdf
Predicting Deep Zero-Shot Convolutional Neural Networks Using Textual Descriptions;http://www.cv-foundation.org/openaccess/content_iccv_2015/papers/Ba_Predicting_Deep_Zero-Shot_ICCV_2015_paper.pdf
Structured Feature Selection;http://www.cv-foundation.org/openaccess/content_iccv_2015/papers/Gao_Structured_Feature_Selection_ICCV_2015_paper.pdf
Conditional High-Order Boltzmann Machine: A Supervised Learning Model for Relation Learning;http://www.cv-foundation.org/openaccess/content_iccv_2015/papers/Huang_Conditional_High-Order_Boltzmann_ICCV_2015_paper.pdf
Learning Image and User Features for Recommendation in Social Networks;http://www.cv-foundation.org/openaccess/content_iccv_2015/papers/Geng_Learning_Image_and_ICCV_2015_paper.pdf
Dual-Feature Warping-Based Motion Model Estimation;http://www.cv-foundation.org/openaccess/content_iccv_2015/papers/Li_Dual-Feature_Warping-Based_Motion_ICCV_2015_paper.pdf
An Adaptive Data Representation for Robust Point-Set Registration and Merging;http://www.cv-foundation.org/openaccess/content_iccv_2015/papers/Campbell_An_Adaptive_Data_ICCV_2015_paper.pdf
Local Subspace Collaborative Tracking;http://www.cv-foundation.org/openaccess/content_iccv_2015/papers/Ma_Local_Subspace_Collaborative_ICCV_2015_paper.pdf
Learning Spatially Regularized Correlation Filters for Visual Tracking;http://www.cv-foundation.org/openaccess/content_iccv_2015/papers/Danelljan_Learning_Spatially_Regularized_ICCV_2015_paper.pdf
SpeDo: 6 DOF Ego-Motion Sensor Using Speckle Defocus Imaging;http://www.cv-foundation.org/openaccess/content_iccv_2015/papers/Jo_SpeDo_6_DOF_ICCV_2015_paper.pdf
Unsupervised Trajectory Clustering via Adaptive Multi-Kernel-Based Shrinkage;http://www.cv-foundation.org/openaccess/content_iccv_2015/papers/Xu_Unsupervised_Trajectory_Clustering_ICCV_2015_paper.pdf
TRIC-track: Tracking by Regression With Incrementally Learned Cascades;http://www.cv-foundation.org/openaccess/content_iccv_2015/papers/Wang_TRIC-track_Tracking_by_ICCV_2015_paper.pdf
Recurrent Network Models for Human Dynamics;http://www.cv-foundation.org/openaccess/content_iccv_2015/papers/Fragkiadaki_Recurrent_Network_Models_ICCV_2015_paper.pdf
Contour Flow: Middle-Level Motion Estimation by Combining Motion Segmentation and Contour Alignment;http://www.cv-foundation.org/openaccess/content_iccv_2015/papers/Di_Contour_Flow_Middle-Level_ICCV_2015_paper.pdf
FollowMe: Efficient Online Min-Cost Flow Tracking With Bounded Memory and Computation;http://www.cv-foundation.org/openaccess/content_iccv_2015/papers/Lenz_FollowMe_Efficient_Online_ICCV_2015_paper.pdf
Learning to Divide and Conquer for Online Multi-Target Tracking;http://www.cv-foundation.org/openaccess/content_iccv_2015/papers/Solera_Learning_to_Divide_ICCV_2015_paper.pdf
Minimizing Human Effort in Interactive Tracking by Incremental Learning of Model Parameters;http://www.cv-foundation.org/openaccess/content_iccv_2015/papers/Ciptadi_Minimizing_Human_Effort_ICCV_2015_paper.pdf
A Novel Representation of Parts for Accurate 3D Object Detection and Tracking in Monocular Images;http://www.cv-foundation.org/openaccess/content_iccv_2015/papers/Crivellaro_A_Novel_Representation_ICCV_2015_paper.pdf
Linearization to Nonlinear Learning for Visual Tracking;http://www.cv-foundation.org/openaccess/content_iccv_2015/papers/Ma_Linearization_to_Nonlinear_ICCV_2015_paper.pdf
Self-Occlusions and Disocclusions in Causal Video Object Segmentation;http://www.cv-foundation.org/openaccess/content_iccv_2015/papers/Yang_Self-Occlusions_and_Disocclusions_ICCV_2015_paper.pdf
Large Displacement 3D Scene Flow With Occlusion Reasoning;http://www.cv-foundation.org/openaccess/content_iccv_2015/papers/Zanfir_Large_Displacement_3D_ICCV_2015_paper.pdf
Co-Interest Person Detection From Multiple Wearable Camera Videos;http://www.cv-foundation.org/openaccess/content_iccv_2015/papers/Lin_Co-Interest_Person_Detection_ICCV_2015_paper.pdf
Sparse Dynamic 3D Reconstruction From Unsynchronized Videos;http://www.cv-foundation.org/openaccess/content_iccv_2015/papers/Zheng_Sparse_Dynamic_3D_ICCV_2015_paper.pdf
Category-Blind Human Action Recognition: A Practical Recognition System;http://www.cv-foundation.org/openaccess/content_iccv_2015/papers/Li_Category-Blind_Human_Action_ICCV_2015_paper.pdf
Temporal Subspace Clustering for Human Motion Segmentation;http://www.cv-foundation.org/openaccess/content_iccv_2015/papers/Li_Temporal_Subspace_Clustering_ICCV_2015_paper.pdf
Weakly-Supervised Alignment of Video With Text;http://www.cv-foundation.org/openaccess/content_iccv_2015/papers/Bojanowski_Weakly-Supervised_Alignment_of_ICCV_2015_paper.pdf
Learning Temporal Embeddings for Complex Video Analysis;http://www.cv-foundation.org/openaccess/content_iccv_2015/papers/Ramanathan_Learning_Temporal_Embeddings_ICCV_2015_paper.pdf
Unsupervised Semantic Parsing of Video Collections;http://www.cv-foundation.org/openaccess/content_iccv_2015/papers/Sener_Unsupervised_Semantic_Parsing_ICCV_2015_paper.pdf
Learning Spatiotemporal Features With 3D Convolutional Networks;http://www.cv-foundation.org/openaccess/content_iccv_2015/papers/Tran_Learning_Spatiotemporal_Features_ICCV_2015_paper.pdf
Temporal Perception and Prediction in Ego-Centric Video;http://www.cv-foundation.org/openaccess/content_iccv_2015/papers/Zhou_Temporal_Perception_and_ICCV_2015_paper.pdf
Describing Videos by Exploiting Temporal Structure;http://www.cv-foundation.org/openaccess/content_iccv_2015/papers/Yao_Describing_Videos_by_ICCV_2015_paper.pdf
Person Re-Identification With Discriminatively Trained Viewpoint Invariant Dictionaries;http://www.cv-foundation.org/openaccess/content_iccv_2015/papers/Karanam_Person_Re-Identification_With_ICCV_2015_paper.pdf
Storyline Representation of Egocentric Videos With an Applications to Story-Based Search;http://www.cv-foundation.org/openaccess/content_iccv_2015/papers/Xiong_Storyline_Representation_of_ICCV_2015_paper.pdf
Sequence to Sequence â€“ Video to Text;http://www.cv-foundation.org/openaccess/content_iccv_2015/papers/Venugopalan_Sequence_to_Sequence_ICCV_2015_paper.pdf
Context Aware Active Learning of Activity Recognition Models;http://www.cv-foundation.org/openaccess/content_iccv_2015/papers/Hasan_Context_Aware_Active_ICCV_2015_paper.pdf
Action Recognition by Hierarchical Mid-Level Action Elements;http://www.cv-foundation.org/openaccess/content_iccv_2015/papers/Lan_Action_Recognition_by_ICCV_2015_paper.pdf
Selecting Relevant Web Trained Concepts for Automated Event Retrieval;http://www.cv-foundation.org/openaccess/content_iccv_2015/papers/Singh_Selecting_Relevant_Web_ICCV_2015_paper.pdf
Beyond Covariance: Feature Representation With Nonlinear Kernel Matrices;http://www.cv-foundation.org/openaccess/content_iccv_2015/papers/Wang_Beyond_Covariance_Feature_ICCV_2015_paper.pdf
Multiresolution Hierarchy Co-Clustering for Semantic Segmentation in Sequences With Small Variations;http://www.cv-foundation.org/openaccess/content_iccv_2015/papers/Varas_Multiresolution_Hierarchy_Co-Clustering_ICCV_2015_paper.pdf
Objects2action: Classifying and Localizing Actions Without Any Video Example;http://www.cv-foundation.org/openaccess/content_iccv_2015/papers/Jain_Objects2action_Classifying_and_ICCV_2015_paper.pdf
Human Action Recognition Using Factorized Spatio-Temporal Convolutional Networks;http://www.cv-foundation.org/openaccess/content_iccv_2015/papers/Sun_Human_Action_Recognition_ICCV_2015_paper.pdf
Bayesian Non-Parametric Inference for Manifold Based MoCap Representation;http://www.cv-foundation.org/openaccess/content_iccv_2015/papers/Natola_Bayesian_Non-Parametric_Inference_ICCV_2015_paper.pdf
Semantic Video Entity Linking Based on Visual Content and Metadata;http://www.cv-foundation.org/openaccess/content_iccv_2015/papers/Li_Semantic_Video_Entity_ICCV_2015_paper.pdf
Love Thy Neighbors: Image Annotation by Exploiting Image Metadata;http://www.cv-foundation.org/openaccess/content_iccv_2015/papers/Johnson_Love_Thy_Neighbors_ICCV_2015_paper.pdf
Unsupervised Extraction of Video Highlights Via Robust Recurrent Auto-Encoders;http://www.cv-foundation.org/openaccess/content_iccv_2015/papers/Yang_Unsupervised_Extraction_of_ICCV_2015_paper.pdf
Learning Visual Clothing Style With Heterogeneous Dyadic Co-Occurrences;http://www.cv-foundation.org/openaccess/content_iccv_2015/papers/Veit_Learning_Visual_Clothing_ICCV_2015_paper.pdf
Text Flow: A Unified Text Detection System in Natural Scene Images;http://www.cv-foundation.org/openaccess/content_iccv_2015/papers/Tian_Text_Flow_A_ICCV_2015_paper.pdf
Uncovering Interactions and Interactors: Joint Estimation of Head, Body Orientation and F-Formations From Surveillance Videos;http://www.cv-foundation.org/openaccess/content_iccv_2015/papers/Ricci_Uncovering_Interactions_and_ICCV_2015_paper.pdf
Generating Notifications for Missing Actions: Don't Forget to Turn the Lights Off!;http://www.cv-foundation.org/openaccess/content_iccv_2015/papers/Soran_Generating_Notifications_for_ICCV_2015_paper.pdf
Partial Person Re-Identification;http://www.cv-foundation.org/openaccess/content_iccv_2015/papers/Zheng_Partial_Person_Re-Identification_ICCV_2015_paper.pdf
Shape Interaction Matrix Revisited and Robustified: Efficient Subspace Clustering With Corrupted and Incomplete Data;http://www.cv-foundation.org/openaccess/content_iccv_2015/papers/Ji_Shape_Interaction_Matrix_ICCV_2015_paper.pdf
Multiple Hypothesis Tracking Revisited;http://www.cv-foundation.org/openaccess/content_iccv_2015/papers/Kim_Multiple_Hypothesis_Tracking_ICCV_2015_paper.pdf
Learning to Track: Online Multi-Object Tracking by Decision Making;http://www.cv-foundation.org/openaccess/content_iccv_2015/papers/Xiang_Learning_to_Track_ICCV_2015_paper.pdf
