Title,Date
Mobile Vision,6/23/14
Vision Industry,6/23/14
Perceptual Organization,6/23/14
Scene Understanding,6/23/14
Human Computation,6/23/14
Vision Meets Cognition,6/23/14
Ethics,6/23/14
Non-visible imagery,6/23/14
Registration of Very Large Images,6/23/14
Biometrics,6/23/14
Embededed Vision,6/28/14
Social Interactions,6/28/14
BigVision,6/28/14
Web-scale Vision,6/28/14
Egocentric,6/28/14
Long-term Tracking,6/28/14
Computational Cameras,6/28/14
Change Detection,6/28/14
Multi-Sensor Fusion for Outdoor Dynamic Scene Understanding,6/28/14
Deep Vision,6/28/14
